"product_id","product_name","alergen_tags"
"15478","Snickers Chocolate Party Share Bag","[""Sesame Free""]"
"12204","Gonutz Dippers Crackers N Dip Peanut Butter","[""Dairy Free"",""Egg Free"",""Sesame Free""]"
"15520","Nutella & Go Hazelnut Spread","[""Egg Free"",""Peanut Free"",""Sesame Free""]"
"12350","Wheelies Creme Filled Chocolate","[""Egg Free"",""Peanut Free"",""Sesame Free""]"
"14989","Cookie Time Cookies Original Chocolate Chunk","[""Peanut Free"",""Sesame Free"",""Tree-nut Free""]"
"16010","Noshu 98% Sugar Free Buttermilk Pancake Mix","[""Peanut Free"",""Sesame Free"",""Soy Free""]"
"13938","Cadbury Mixed Bag Milk Chocolate Easter Eggs","[""Peanut Free"",""Sesame Free"",""Tree-nut Free""]"
"13318","Milky Way Chocolate Bar Fun Size","[""Peanut Free"",""Sesame Free"",""Tree-nut Free""]"
"15457","Cookie Time Triple Chocolate Chunk Cookies","[""Peanut Free"",""Sesame Free"",""Tree-nut Free""]"
"10372","The Natural Food Co Savouries Mixed 2.1kg","[""Peanut Free"",""Sesame Free"",""Tree-nut Free""]"
"13978","Cadbury Creme Egg Gift Box","[""Peanut Free"",""Sesame Free"",""Tree-nut Free""]"
"4897","Raspberry & Coconut Granola","[""Dairy Free"",""Egg Free"",""Peanut Free"",""Soy Free""]"
"11013","Vogels Crunchy Muesli Clusters Peanut Butter","[""Dairy Free"",""Egg Free"",""Sesame Free"",""Soy Free""]"
"8863","Wallaby Oat Free Porridge Cranberry/Vanilla","[""Dairy Free"",""Egg Free"",""Peanut Free"",""Soy Free""]"
"9105","Well & Truly Gluten Free Crunchy Crumble","[""Dairy Free"",""Egg Free"",""Peanut Free"",""Soy Free""]"
"13021","Uncle Tobys Breakfast Bakes Breakfast Bars Apple & Cinnamon","[""Dairy Free"",""Egg Free"",""Peanut Free"",""Sesame Free""]"
"9536","Well & Truly Macadamia Gold Gourmet Granola","[""Dairy Free"",""Egg Free"",""Peanut Free"",""Soy Free""]"
"9535","Well & Truly Raspberry Road Gourmet Granola","[""Dairy Free"",""Egg Free"",""Peanut Free"",""Soy Free""]"
"11009","Sanitarium Cluster Crisp Muesli Macadamia & Salted Caramel","[""Dairy Free"",""Egg Free"",""Peanut Free"",""Sesame Free""]"
"9660","Well & Truly Macadamia Gold Gourmet Granola","[""Dairy Free"",""Egg Free"",""Peanut Free"",""Soy Free""]"
"14111","Pams Finest Luxury Toasted Ancient Grains & Superfruits","[""Dairy Free"",""Egg Free"",""Peanut Free"",""Sesame Free""]"
"9534","Well & Truly Raspberry Road Gourmet Granola","[""Dairy Free"",""Egg Free"",""Peanut Free"",""Soy Free""]"
"4900","Organic Ginger Zest Granola","[""Dairy Free"",""Egg Free"",""Peanut Free"",""Soy Free""]"
"14130","Vogel's Peanut Butter Chia And Coconut Delightful Granola","[""Dairy Free"",""Egg Free"",""Sesame Free"",""Soy Free""]"
"11104","Sanitarium Toasted Muesli Golden Oats & Fruit","[""Dairy Free"",""Egg Free"",""Peanut Free"",""Sesame Free""]"
"4884","Tropical Mango & Fruit Crunch","[""Dairy Free"",""Egg Free"",""Gluten Free Coeliac/Celiac"",""Sesame Free""]"
"12737","Uncle Tobys Breakfast Bakes Breakfast Bars Berry Harvest","[""Dairy Free"",""Egg Free"",""Peanut Free"",""Sesame Free""]"
"11097","Sanitarium Low Gi Granola Golden Almond Crunch","[""Dairy Free"",""Egg Free"",""Peanut Free"",""Sesame Free""]"
"13478","Vogels All Good Muesli Almond, Cashew & Linseed","[""Dairy Free"",""Egg Free"",""Sesame Free"",""Soy Free""]"
"11616","Uncle Tobys Breakfast Bakes Cereal Bars Honey Roasted Almond","[""Dairy Free"",""Egg Free"",""Peanut Free"",""Sesame Free""]"
"8859","Wallaby Oat Free Porridge Maple/Fig","[""Dairy Free"",""Egg Free"",""Peanut Free"",""Soy Free""]"
"7751","Organic Granola - Turmeric Coconut Latte","[""Dairy Free"",""Egg Free"",""Peanut Free"",""Soy Free""]"
"13667","Sanitarium Toasted Fruit Muesli Super Fruity","[""Dairy Free"",""Egg Free"",""Peanut Free"",""Sesame Free""]"
"11014","Sanitarium Low Gi Granola Strawberry & Coconut","[""Dairy Free"",""Egg Free"",""Peanut Free"",""Sesame Free""]"
"13474","Hubbards Simply Toasted Fruit Muesli Apricot","[""Egg Free"",""Peanut Free"",""Sesame Free"",""Soy Free""]"
"13650","Hubbards Fruitful Breakfast Toasted Fruit Muesli","[""Egg Free"",""Peanut Free"",""Sesame Free"",""Soy Free""]"
"15482","M&M's Milk Chocolate Party Share Bag","[""Egg Free"",""Peanut Free"",""Sesame Free"",""Tree-nut Free""]"
"12952","Arnotts Tiny Teddy Plain Biscuits Variety Pak","[""Egg Free"",""Peanut Free"",""Sesame Free"",""Tree-nut Free""]"
"13945","Cadbury Buzz Bar Marshmallow Eggs Sharepack","[""Egg Free"",""Peanut Free"",""Sesame Free"",""Tree-nut Free""]"
"14090","Pams Toasted Muesli","[""Egg Free"",""Sesame Free"",""Soy Free"",""Wheat Free""]"
"13982","Cadbury Dairy Milk Clinker Bunnies Sharepack","[""Egg Free"",""Peanut Free"",""Sesame Free"",""Tree-nut Free""]"
"13028","Nestle Milo Whole Grain Cereal High In Protein","[""Egg Free"",""Peanut Free"",""Sesame Free"",""Tree-nut Free""]"
"7774","Keto Gourmet Granola - Peanut Butter","[""Egg Free"",""Gluten Free Coeliac/Celiac"",""Soy Free"",""Wheat Free""]"
"15180","Pic's Really Good Peanut & Chocolate Butter","[""Egg Free"",""Gluten Free Coeliac/Celiac"",""Sesame Free"",""Wheat Free""]"
"7755","Keto Gourmet Granola - Peanut Butter","[""Egg Free"",""Gluten Free Coeliac/Celiac"",""Soy Free"",""Wheat Free""]"
"11569","Sanitarium Up & Go Breakfast Drink Vanilla Ice Fridge Pack","[""Egg Free"",""Peanut Free"",""Sesame Free"",""Tree-nut Free""]"
"12738","Nestle Cereal Milo Duo","[""Egg Free"",""Peanut Free"",""Sesame Free"",""Tree-nut Free""]"
"13952","M&M's Mini Chocolate Easter Eggs Bag","[""Egg Free"",""Peanut Free"",""Sesame Free"",""Tree-nut Free""]"
"11570","Sanitarium Up & Go Breakfast Drink Chocolate Fridge Pk","[""Egg Free"",""Peanut Free"",""Sesame Free"",""Tree-nut Free""]"
"9357","Little Bird Grawnola Cacoa Superfoods","[""Egg Free"",""Peanut Free"",""Sesame Free"",""Soy Free""]"
"14108","Hubbards Berry Berry Nice Muesli","[""Egg Free"",""Peanut Free"",""Sesame Free"",""Soy Free""]"
"13319","Cadbury Share Pack Buzz Bar Chocolates","[""Egg Free"",""Peanut Free"",""Sesame Free"",""Tree-nut Free""]"
"13314","Nestle Kit Kat Share Pack Chocolates","[""Egg Free"",""Peanut Free"",""Sesame Free"",""Tree-nut Free""]"
"12764","Nabisco Belvita Breakfast Bars Chocolate","[""Egg Free"",""Peanut Free"",""Sesame Free"",""Tree-nut Free""]"
"13305","Sanitarium Up & Go Energize Breakfast Drink Choc","[""Egg Free"",""Peanut Free"",""Sesame Free"",""Tree-nut Free""]"
"12380","Barkers Lemon Curd New Zealand","[""Peanut Free"",""Sesame Free"",""Soy Free"",""Tree-nut Free""]"
"11452","Anathoth Lemon Curd","[""Peanut Free"",""Sesame Free"",""Soy Free"",""Tree-nut Free""]"
"16093","Secret Kiwi Kitchen Buttermilk Pancake & Waffle Mix","[""Peanut Free"",""Sesame Free"",""Soy Free"",""Tree-nut Free""]"
"13661","Hubbards Be Mighty Granola Crunchy Almond","[""Dairy Free"",""Egg Free"",""Peanut Free"",""Sesame Free"",""Soy Free""]"
"13653","Hubbards Amazing Clusters Cereal Vanilla & Almond","[""Dairy Free"",""Egg Free"",""Peanut Free"",""Sesame Free"",""Soy Free""]"
"13470","Hubbards Amazing Natural Muesli 5 Grains & Hazelnut","[""Dairy Free"",""Egg Free"",""Peanut Free"",""Sesame Free"",""Soy Free""]"
"11002","Vogels Muesli Clusters Gut Health","[""Dairy Free"",""Egg Free"",""Peanut Free"",""Sesame Free"",""Soy Free""]"
"12329","Sanitarium Light N Tasty Cereal Macadamia","[""Dairy Free"",""Egg Free"",""Peanut Free"",""Sesame Free"",""Soy Free""]"
"13666","Something To Crow About Muesli Macadamia Honey & Nuts","[""Dairy Free"",""Egg Free"",""Peanut Free"",""Sesame Free"",""Soy Free""]"
"11010","Hubbards Amazing Toasted Nut Muesli Almond & Pecan","[""Dairy Free"",""Egg Free"",""Peanut Free"",""Sesame Free"",""Soy Free""]"
"12328","Sanitarium Light N Tasty Cereal Manuka Honey Date & Nut","[""Dairy Free"",""Egg Free"",""Peanut Free"",""Sesame Free"",""Soy Free""]"
"13483","Grain Health Foods Toasted Muesli","[""Dairy Free"",""Egg Free"",""Peanut Free"",""Sesame Free"",""Soy Free""]"
"14081","Hubbards Legendary Locals Hawke's Bay Stone Fruit With Vanilla Granola","[""Dairy Free"",""Egg Free"",""Peanut Free"",""Sesame Free"",""Soy Free""]"
"12739","Kelloggs Just Right Fusion Cereal Cranberry & Apple","[""Dairy Free"",""Egg Free"",""Peanut Free"",""Sesame Free"",""Tree-nut Free""]"
"13026","Sanitarium Cereal Honey Puffs Oaty Crunch","[""Dairy Free"",""Egg Free"",""Peanut Free"",""Sesame Free"",""Tree-nut Free""]"
"7412","Loving Earth Buckinis Deluxe Clusters","[""Dairy Free"",""Egg Free"",""Peanut Free"",""Sesame Free"",""Soy Free""]"
"7495","Food to Nourish Clusters Cacao Wattleseed","[""Dairy Free"",""Egg Free"",""Peanut Free"",""Sesame Free"",""Soy Free""]"
"12743","Sanitarium Weetbix Bites Wheat Biscuits Honey","[""Dairy Free"",""Egg Free"",""Peanut Free"",""Sesame Free"",""Soy Free""]"
"12344","Up&go Dairy Free Breakfast Drink Vanilla Ice","[""Dairy Free"",""Egg Free"",""Peanut Free"",""Sesame Free"",""Tree-nut Free""]"
"7494","Food to Nourish Clusters Hibiscus, Lemon & Blueberry","[""Dairy Free"",""Egg Free"",""Peanut Free"",""Sesame Free"",""Soy Free""]"
"14123","Pams Finest Luxury Tropical Granola","[""Dairy Free"",""Egg Free"",""Peanut Free"",""Sesame Free"",""Soy Free""]"
"11106","Vogels Delightful Granola Raspberry, Amaranth and Blackcurrant","[""Dairy Free"",""Egg Free"",""Peanut Free"",""Sesame Free"",""Soy Free""]"
"9552","Little Bird Grawnola Macadamia & Berry","[""Dairy Free"",""Egg Free"",""Peanut Free"",""Sesame Free"",""Soy Free""]"
"11100","Hubbards Be Mighty Granola Cocoa & Coconut","[""Dairy Free"",""Egg Free"",""Peanut Free"",""Sesame Free"",""Soy Free""]"
"13460","Vogels Cafe Style Muesli Toasted Berry Gf","[""Dairy Free"",""Egg Free"",""Peanut Free"",""Sesame Free"",""Soy Free""]"
"9722","Lotus Biscoff Spread Crunchy","[""Dairy Free"",""Egg Free"",""Peanut Free"",""Sesame Free"",""Tree-nut Free""]"
"14118","Pams Finest Luxury Vanilla Almond Granola","[""Dairy Free"",""Egg Free"",""Peanut Free"",""Sesame Free"",""Soy Free""]"
"9296","Brookfarm Nutty Granola Maple Vanilla","[""Dairy Free"",""Egg Free"",""Peanut Free"",""Sesame Free"",""Soy Free""]"
"9468","Kelloggâ€™sÂ® Baked Muesli Breakfast Biscuits Gluten Free - Date & Apple 5Pack","[""Dairy Free"",""Egg Free"",""Peanut Free"",""Sesame Free"",""Tree-nut Free""]"
"11102","Vogels Cafe Style Muesli Nuts & Seeds","[""Dairy Free"",""Egg Free"",""Peanut Free"",""Sesame Free"",""Soy Free""]"
"14128","Hubbards BeMighty Salted Maple & Cashew Granola","[""Dairy Free"",""Egg Free"",""Peanut Free"",""Sesame Free"",""Soy Free""]"
"16084","Pams Smooth No Added Salt Peanut Butter","[""Dairy Free"",""Egg Free"",""Gluten Free Coeliac/Celiac"",""Sesame Free"",""Wheat Free""]"
"11107","Vogels Delightful Granola Hazelnut Cacao","[""Dairy Free"",""Egg Free"",""Peanut Free"",""Sesame Free"",""Soy Free""]"
"11938","Hubbards Legendary Locals Granola Berries & Cocao","[""Dairy Free"",""Egg Free"",""Peanut Free"",""Sesame Free"",""Soy Free""]"
"11006","Macro Organic Granola Honey & Macadamia","[""Dairy Free"",""Egg Free"",""Peanut Free"",""Sesame Free"",""Soy Free""]"
"15531","Pams Crunchy Peanut Butter","[""Dairy Free"",""Egg Free"",""Gluten Free Coeliac/Celiac"",""Sesame Free"",""Wheat Free""]"
"15152","Pams No Added Salt Crunchy Peanut Butter","[""Dairy Free"",""Egg Free"",""Gluten Free Coeliac/Celiac"",""Sesame Free"",""Wheat Free""]"
"9137","Hubbards Granola Raspberry & Maple","[""Dairy Free"",""Egg Free"",""Peanut Free"",""Sesame Free"",""Soy Free""]"
"14102","Hubbards Passionfruit Coconut Pineapple Crispy Crunchy Granola","[""Dairy Free"",""Egg Free"",""Peanut Free"",""Sesame Free"",""Soy Free""]"
"12747","Uncle Tobys Cereal Multigrain Honey Cheerios","[""Dairy Free"",""Egg Free"",""Peanut Free"",""Sesame Free"",""Tree-nut Free""]"
"11099","Hubbards Granola Blueberry Pistachio","[""Dairy Free"",""Egg Free"",""Peanut Free"",""Sesame Free"",""Soy Free""]"
"13651","Macro Organic Muesli Cacao & Coconut Clusters","[""Dairy Free"",""Egg Free"",""Peanut Free"",""Sesame Free"",""Soy Free""]"
"7504","Eclipse Wholefoods Roasted Digestive Clusters Salted Caramel & Ginger Nut","[""Dairy Free"",""Egg Free"",""Peanut Free"",""Sesame Free"",""Soy Free""]"
"15503","Fix & Fogg Granola Butter","[""Dairy Free"",""Egg Free"",""Sesame Free"",""Soy Free"",""Wheat Free""]"
"13017","Sanitarium Weetbix Wheat Biscuits Multi Grain","[""Dairy Free"",""Egg Free"",""Peanut Free"",""Sesame Free"",""Soy Free""]"
"12748","Uncle Tobys Cheerios Cereal 4 Wholegrains","[""Dairy Free"",""Egg Free"",""Peanut Free"",""Sesame Free"",""Tree-nut Free""]"
"11001","Sanitarium Cluster Crisp Muesli Blueberry & Maple Syrup","[""Dairy Free"",""Egg Free"",""Peanut Free"",""Sesame Free"",""Tree-nut Free""]"
"16604","Apple, Maple & Cashew Granola","[""Dairy Free"",""Egg Free"",""Peanut Free"",""Sesame Free"",""Soy Free""]"
"4927","Coffee Deluxe Granola","[""Dairy Free"",""Egg Free"",""Peanut Free"",""Sesame Free"",""Soy Free""]"
"11103","Vogels Cafe Style Muesli Fruit & Nut Gf","[""Dairy Free"",""Egg Free"",""Peanut Free"",""Sesame Free"",""Soy Free""]"
"4931","Probiotic Plum & Hemp Seeds Easy Oats","[""Dairy Free"",""Egg Free"",""Peanut Free"",""Sesame Free"",""Soy Free""]"
"11615","Be Natural Granola Low Sugar","[""Dairy Free"",""Egg Free"",""Peanut Free"",""Sesame Free"",""Soy Free""]"
"4891","Organic Ginger Crunch & Plum Granola","[""Dairy Free"",""Egg Free"",""Peanut Free"",""Sesame Free"",""Soy Free""]"
"4930","Probiotic Spiced Apple & Maca Easy Oats","[""Dairy Free"",""Egg Free"",""Peanut Free"",""Sesame Free"",""Soy Free""]"
"12303","Free From Gluten Cereal Chia Coconut & Vanilla","[""Dairy Free"",""Egg Free"",""Peanut Free"",""Sesame Free"",""Soy Free""]"
"13025","Weight Watchers Cereal Tropical Blast","[""Dairy Free"",""Egg Free"",""Peanut Free"",""Sesame Free"",""Soy Free""]"
"14028","Pams Finest Luxury Toasted Apricot, Cashew & Almond Muesli","[""Dairy Free"",""Egg Free"",""Peanut Free"",""Sesame Free"",""Soy Free""]"
"12745","Be Natural Cereal 3 Nuts & Coconut","[""Dairy Free"",""Egg Free"",""Peanut Free"",""Sesame Free"",""Soy Free""]"
"4888","Crunchy Muesli With Flakes","[""Dairy Free"",""Egg Free"",""Peanut Free"",""Sesame Free"",""Soy Free""]"
"7411","Loving Earth Buckinis Nut & Seed Cereal","[""Dairy Free"",""Egg Free"",""Peanut Free"",""Sesame Free"",""Soy Free""]"
"13027","Sanitarium Weetbix Wheat Biscuits Cranberry & Coconut","[""Dairy Free"",""Egg Free"",""Peanut Free"",""Sesame Free"",""Soy Free""]"
"13477","Something To Crow About Muesli Supreme Nuts & Raspberry","[""Dairy Free"",""Egg Free"",""Peanut Free"",""Sesame Free"",""Soy Free""]"
"13467","Sanitarium Toasted Nut Muesli & Seeds","[""Dairy Free"",""Egg Free"",""Peanut Free"",""Sesame Free"",""Soy Free""]"
"13664","Hubbards Granola Raspberry Cranberry Coconut","[""Dairy Free"",""Egg Free"",""Peanut Free"",""Sesame Free"",""Soy Free""]"
"14127","Sanitarium Manuka Blend Breakfast Cereal","[""Dairy Free"",""Egg Free"",""Peanut Free"",""Sesame Free"",""Soy Free""]"
"13656","Hubbards Amazing Clusters Cereal Raspberry & Cacao","[""Dairy Free"",""Egg Free"",""Peanut Free"",""Sesame Free"",""Soy Free""]"
"9662","Brookfarm Cranberry & Macadamia Gluten Free Muesli","[""Dairy Free"",""Egg Free"",""Peanut Free"",""Sesame Free"",""Soy Free""]"
"9132","Hubbards - TGGF Vanilla and Almond Muesli","[""Dairy Free"",""Egg Free"",""Peanut Free"",""Sesame Free"",""Soy Free""]"
"7413","Loving Earth Buckinis Chocolate Clusters","[""Dairy Free"",""Egg Free"",""Peanut Free"",""Sesame Free"",""Soy Free""]"
"11093","Hubbards Granola Crispy Super Seeds","[""Dairy Free"",""Egg Free"",""Peanut Free"",""Sesame Free"",""Soy Free""]"
"7530","Blue Frog Nuts & Seeds - Cashew Almond & Maple","[""Dairy Free"",""Egg Free"",""Peanut Free"",""Sesame Free"",""Soy Free""]"
"11717","Shultz Pretzels Minis Multipack","[""Dairy Free"",""Egg Free"",""Peanut Free"",""Sesame Free"",""Tree-nut Free""]"
"14105","Hubbards Almond & Chia Crunchy Bran-Ola","[""Dairy Free"",""Egg Free"",""Peanut Free"",""Sesame Free"",""Soy Free""]"
"12742","Uncle Tobys Cheerios Cereal 4 Wholegrains","[""Dairy Free"",""Egg Free"",""Peanut Free"",""Sesame Free"",""Tree-nut Free""]"
"13485","Vogels All Good Granola Raspberry & Cashew","[""Dairy Free"",""Egg Free"",""Peanut Free"",""Sesame Free"",""Soy Free""]"
"15158","Pams Crunchy Peanut Butter","[""Dairy Free"",""Egg Free"",""Gluten Free Coeliac/Celiac"",""Sesame Free"",""Wheat Free""]"
"13662","Hubbards Be Mighty Granola Raspberry & Coconut","[""Dairy Free"",""Egg Free"",""Peanut Free"",""Sesame Free"",""Soy Free""]"
"14873","Sanitarium Weet-Bix Blends Hi-Bran Breakfast Cereal","[""Dairy Free"",""Egg Free"",""Peanut Free"",""Sesame Free"",""Soy Free""]"
"11101","Blue Frog Cereal Triple Nut Cinnamon","[""Dairy Free"",""Egg Free"",""Peanut Free"",""Sesame Free"",""Soy Free""]"
"11011","Vogels Cafe Style Light Muesli Vanilla & Almond","[""Dairy Free"",""Egg Free"",""Peanut Free"",""Sesame Free"",""Soy Free""]"
"13481","Vogels All Good Granola Almond Coconut","[""Dairy Free"",""Egg Free"",""Peanut Free"",""Sesame Free"",""Soy Free""]"
"11003","Sanitarium Cluster Crisp Cereal Triple Berry","[""Dairy Free"",""Egg Free"",""Peanut Free"",""Sesame Free"",""Tree-nut Free""]"
"7415","Loving Earth Buckinis Berry & Cacao Cereal","[""Dairy Free"",""Egg Free"",""Peanut Free"",""Sesame Free"",""Soy Free""]"
"11110","Hubbards Amazing Toasted Toasted Fruit Muesli Pomegranate & Blueberry","[""Dairy Free"",""Egg Free"",""Peanut Free"",""Sesame Free"",""Soy Free""]"
"14092","Kellogg's All-Bran Honey Almond Breakfast Cereal","[""Dairy Free"",""Egg Free"",""Peanut Free"",""Sesame Free"",""Soy Free""]"
"14135","Hubbards Raspberry & Blueberry Crunchy Bran-Ola","[""Dairy Free"",""Egg Free"",""Peanut Free"",""Sesame Free"",""Soy Free""]"
"13489","Pure Delish Local As Granola Macadamia Manuka Honey","[""Dairy Free"",""Egg Free"",""Peanut Free"",""Sesame Free"",""Soy Free""]"
"14129","Chantal Organics Organic Apple Crumble Grainola","[""Dairy Free"",""Egg Free"",""Peanut Free"",""Sesame Free"",""Soy Free""]"
"13660","Sanitarium Hi Fibre Granola Canadian Maple & Raspberry","[""Dairy Free"",""Egg Free"",""Peanut Free"",""Sesame Free"",""Tree-nut Free""]"
"4917","Mighty Fig Granola","[""Dairy Free"",""Egg Free"",""Peanut Free"",""Sesame Free"",""Soy Free""]"
"12740","Sanitarium Weetbix Wheat Biscuits Cinnamon & Coconut Gluten Free","[""Dairy Free"",""Egg Free"",""Peanut Free"",""Sesame Free"",""Soy Free""]"
"9254","Brookfarm Cranberry & Macadamia Toasted Muesli","[""Dairy Free"",""Egg Free"",""Peanut Free"",""Sesame Free"",""Soy Free""]"
"14089","Hubbards Almond & Pecan Amazing Toasted Muesli","[""Dairy Free"",""Egg Free"",""Peanut Free"",""Sesame Free"",""Soy Free""]"
"15162","Pams Extra Crunchy Peanut Butter","[""Dairy Free"",""Egg Free"",""Gluten Free Coeliac/Celiac"",""Sesame Free"",""Wheat Free""]"
"16081","Pams Extra Crunchy Peanut Butter","[""Dairy Free"",""Egg Free"",""Gluten Free Coeliac/Celiac"",""Sesame Free"",""Wheat Free""]"
"13663","Sanitarium Granola Black Doris Plum","[""Dairy Free"",""Egg Free"",""Peanut Free"",""Sesame Free"",""Tree-nut Free""]"
"13019","Hubbards Light & Right Cereal Cranberry & Almond","[""Dairy Free"",""Egg Free"",""Peanut Free"",""Sesame Free"",""Soy Free""]"
"7493","Food to Nourish Clusters Rose, Pistachio & Ora","[""Dairy Free"",""Egg Free"",""Peanut Free"",""Sesame Free"",""Soy Free""]"
"13018","Sanitarium Light N Tasty Cereal Apricot","[""Dairy Free"",""Egg Free"",""Peanut Free"",""Sesame Free"",""Tree-nut Free""]"
"9539","Ceres Organic Cacao Crunch Good Muesli","[""Dairy Free"",""Egg Free"",""Peanut Free"",""Sesame Free"",""Soy Free""]"
"14107","Sanitarium Light 'n' Tasty Nut Lovers Breakfast Cereal","[""Dairy Free"",""Egg Free"",""Peanut Free"",""Sesame Free"",""Soy Free""]"
"13880","Nutella Hazelnut Spread","[""Egg Free"",""Gluten Free Coeliac/Celiac"",""Peanut Free"",""Sesame Free"",""Wheat Free""]"
"15155","Pams Finest Decadent Dark Chocolate Almond Butter","[""Egg Free"",""Gluten Free Coeliac/Celiac"",""Peanut Free"",""Sesame Free"",""Wheat Free""]"
"12226","Le Snak Crackers N Dip Cheese","[""Egg Free"",""Peanut Free"",""Sesame Free"",""Soy Free"",""Tree-nut Free""]"
"14096","Harraways Cranberry Coconut & Chia Quick Serve Oats Sachets","[""Egg Free"",""Peanut Free"",""Sesame Free"",""Soy Free"",""Wheat Free""]"
"13292","Bluebird Burger Rings Snacks","[""Egg Free"",""Peanut Free"",""Sesame Free"",""Soy Free"",""Tree-nut Free""]"
"12834","Nutino Hazelnut Spread","[""Egg Free"",""Gluten Free Coeliac/Celiac"",""Peanut Free"",""Sesame Free"",""Wheat Free""]"
"11721","Bluebird Corn Snacks Twisties Rashuns Burger Rings","[""Egg Free"",""Peanut Free"",""Sesame Free"",""Soy Free"",""Tree-nut Free""]"
"13293","Delisio Potato Chips Sweet Chilli Relish","[""Egg Free"",""Peanut Free"",""Sesame Free"",""Soy Free"",""Tree-nut Free""]"
"9039","Vego Hazelnut Chocolate Spread","[""Egg Free"",""Gluten Free Coeliac/Celiac"",""Peanut Free"",""Sesame Free"",""Wheat Free""]"
"15195","Nutella Hazelnut Spread","[""Egg Free"",""Gluten Free Coeliac/Celiac"",""Peanut Free"",""Sesame Free"",""Wheat Free""]"
"11346","Nutino Hazelnut Spread","[""Egg Free"",""Gluten Free Coeliac/Celiac"",""Peanut Free"",""Sesame Free"",""Wheat Free""]"
"12090","Eta Munchos Corn Snacks Cheese & Onion","[""Egg Free"",""Peanut Free"",""Sesame Free"",""Soy Free"",""Tree-nut Free""]"
"15167","Pams Hazelnut Smooth Spread","[""Egg Free"",""Gluten Free Coeliac/Celiac"",""Peanut Free"",""Sesame Free"",""Wheat Free""]"
"12129","Countdown Cassava Vegetable Crisps Mixed","[""Egg Free"",""Peanut Free"",""Sesame Free"",""Soy Free"",""Tree-nut Free""]"
"11112","Harraways Oat Singles Berry Bonanza","[""Egg Free"",""Peanut Free"",""Sesame Free"",""Soy Free"",""Wheat Free""]"
"16091","Pams Classic Pancake Mix","[""Egg Free"",""Peanut Free"",""Sesame Free"",""Soy Free"",""Tree-nut Free""]"
"13288","Doritos Corn Chips Supreme Cheese","[""Egg Free"",""Peanut Free"",""Sesame Free"",""Soy Free"",""Tree-nut Free""]"
"12832","Nutella Hazelnut Spread","[""Egg Free"",""Gluten Free Coeliac/Celiac"",""Peanut Free"",""Sesame Free"",""Wheat Free""]"
"14088","Harraways Raspberry And Lightly Toasted Coconut Oats","[""Egg Free"",""Peanut Free"",""Sesame Free"",""Soy Free"",""Wheat Free""]"
"16083","Pams Hazelnut Smooth Spread","[""Egg Free"",""Gluten Free Coeliac/Celiac"",""Peanut Free"",""Sesame Free"",""Wheat Free""]"
"4881","Choc Nut Nograin-Ola","[""Egg Free"",""Gluten Free Coeliac/Celiac"",""Peanut Free"",""Sesame Free"",""Wheat Free""]"
"14114","Pams Berry Toasted Muesli","[""Egg Free"",""Peanut Free"",""Sesame Free"",""Soy Free"",""Tree-nut Free""]"
"13491","Sanitarium Natural Muesli With Fruit & 5 Grains","[""Egg Free"",""Peanut Free"",""Sesame Free"",""Soy Free"",""Tree-nut Free""]"
"8717","Food to Nourish Peanut Butter Power Spread","[""Dairy Free"",""Egg Free"",""Gluten Free Coeliac/Celiac"",""Sesame Free"",""Soy Free"",""Wheat Free""]"
"13216","Harvest Snaps Pea Snacks Original Salted","[""Dairy Free"",""Egg Free"",""Peanut Free"",""Sesame Free"",""Soy Free"",""Tree-nut Free""]"
"11926","Blue Frog Black Doris Plum Dragon Fruit & Collagen Cereal","[""Dairy Free"",""Egg Free"",""Peanut Free"",""Sesame Free"",""Soy Free"",""Wheat Free""]"
"15504","Forty Thieves Hemp + Nuts + Seeds Super Food Butter","[""Dairy Free"",""Egg Free"",""Gluten Free Coeliac/Celiac"",""Sesame Free"",""Soy Free"",""Wheat Free""]"
"14099","Pams Cornflakes","[""Dairy Free"",""Egg Free"",""Peanut Free"",""Sesame Free"",""Soy Free"",""Tree-nut Free""]"
"14094","Pams Rice Snaps","[""Dairy Free"",""Egg Free"",""Peanut Free"",""Sesame Free"",""Soy Free"",""Tree-nut Free""]"
"14095","Vogel's Cafe-Style New Zealand Superfruits Muesli Oat Clusters","[""Dairy Free"",""Egg Free"",""Peanut Free"",""Sesame Free"",""Soy Free"",""Tree-nut Free""]"
"9801","Kialla Organic Spelt Flour GMO Free BULK","[""Dairy Free"",""Egg Free"",""Peanut Free"",""Sesame Free"",""Soy Free"",""Tree-nut Free""]"
"7059","Plenty Peanut Butter Crunchy","[""Dairy Free"",""Egg Free"",""Gluten Free Coeliac/Celiac"",""Sesame Free"",""Soy Free"",""Wheat Free""]"
"13476","Macro Porridge Five Grains","[""Dairy Free"",""Egg Free"",""Peanut Free"",""Sesame Free"",""Soy Free"",""Tree-nut Free""]"
"11933","Chantal Organics Muesli Swiss Bircher","[""Dairy Free"",""Egg Free"",""Peanut Free"",""Sesame Free"",""Soy Free"",""Wheat Free""]"
"8865","Good Morning Multi Puffs","[""Dairy Free"",""Egg Free"",""Peanut Free"",""Sesame Free"",""Soy Free"",""Tree-nut Free""]"
"13143","Nut Brothers Peanut Butter Probiotic & Cranberry","[""Dairy Free"",""Egg Free"",""Gluten Free Coeliac/Celiac"",""Sesame Free"",""Soy Free"",""Wheat Free""]"
"13014","Sanitarium Weetbix Bites Wheat Biscuits Apricot","[""Dairy Free"",""Egg Free"",""Peanut Free"",""Sesame Free"",""Soy Free"",""Tree-nut Free""]"
"15193","Pams Finest Crunchy Peanut Butter","[""Dairy Free"",""Egg Free"",""Gluten Free Coeliac/Celiac"",""Sesame Free"",""Soy Free"",""Wheat Free""]"
"7501","Eclipse Wholefoods Slow Roasted Muesli Honey Nut Crunch","[""Dairy Free"",""Egg Free"",""Peanut Free"",""Sesame Free"",""Soy Free"",""Wheat Free""]"
"11109","Uncle Tobys Delicious Blends Rolled Oats Blueberry & Coconut","[""Dairy Free"",""Egg Free"",""Peanut Free"",""Sesame Free"",""Soy Free"",""Wheat Free""]"
"14026","Kellogg's Mystery Flavour Coco Pops Breakfast Cereal","[""Dairy Free"",""Egg Free"",""Peanut Free"",""Sesame Free"",""Soy Free"",""Tree-nut Free""]"
"4890","Raspberry & Maple Nut Nograin-Ola","[""Dairy Free"",""Egg Free"",""Gluten Free Coeliac/Celiac"",""Peanut Free"",""Sesame Free"",""Wheat Free""]"
"16088","Pic's Really Good Smooth Peanut Butter","[""Dairy Free"",""Egg Free"",""Gluten Free Coeliac/Celiac"",""Sesame Free"",""Soy Free"",""Wheat Free""]"
"9947","Everything Breakfast - Chocolate Hemp & Hazel","[""Dairy Free"",""Egg Free"",""Peanut Free"",""Sesame Free"",""Soy Free"",""Wheat Free""]"
"12741","Hubbards Cereal Bran & Berry","[""Dairy Free"",""Egg Free"",""Peanut Free"",""Sesame Free"",""Soy Free"",""Tree-nut Free""]"
"14872","Pams Bran & Sultana Breakfast Cereal","[""Dairy Free"",""Egg Free"",""Peanut Free"",""Sesame Free"",""Soy Free"",""Tree-nut Free""]"
"10827","Macro Organic Peanut Butter Smooth","[""Dairy Free"",""Egg Free"",""Gluten Free Coeliac/Celiac"",""Sesame Free"",""Soy Free"",""Wheat Free""]"
"16603","Cacao, Hazelnut & Vanilla Porridge","[""Dairy Free"",""Egg Free"",""Peanut Free"",""Sesame Free"",""Soy Free"",""Wheat Free""]"
"15514","Vegemite Salt Reduced Spread","[""Dairy Free"",""Egg Free"",""Peanut Free"",""Sesame Free"",""Soy Free"",""Tree-nut Free""]"
"14104","Jordans Berry Crunchy Oat Granola","[""Dairy Free"",""Egg Free"",""Peanut Free"",""Sesame Free"",""Soy Free"",""Wheat Free""]"
"11098","Uncle Tobys Quick Oats Berry Variety","[""Dairy Free"",""Egg Free"",""Peanut Free"",""Sesame Free"",""Soy Free"",""Tree-nut Free""]"
"12831","Vegemite 40% Reduced Salt","[""Dairy Free"",""Egg Free"",""Peanut Free"",""Sesame Free"",""Soy Free"",""Tree-nut Free""]"
"4904","Peanut Butter Smooth","[""Dairy Free"",""Egg Free"",""Gluten Free Coeliac/Celiac"",""Sesame Free"",""Soy Free"",""Wheat Free""]"
"14115","Kellogg's Sultana Bran With Oat Clusters Breakfast Cereal","[""Dairy Free"",""Egg Free"",""Peanut Free"",""Sesame Free"",""Soy Free"",""Tree-nut Free""]"
"11004","Pure Delish Local As Granola Blackberry Blueberry","[""Dairy Free"",""Egg Free"",""Peanut Free"",""Sesame Free"",""Soy Free"",""Wheat Free""]"
"11442","Haribo Sweets Gold Bears","[""Dairy Free"",""Egg Free"",""Peanut Free"",""Sesame Free"",""Soy Free"",""Tree-nut Free""]"
"14124","Sanitarium Puffed Wheat Breakfast Cereal","[""Dairy Free"",""Egg Free"",""Peanut Free"",""Sesame Free"",""Soy Free"",""Tree-nut Free""]"
"14082","Sanitarium Weet-Bix Organic Breakfast Cereal","[""Dairy Free"",""Egg Free"",""Peanut Free"",""Sesame Free"",""Soy Free"",""Tree-nut Free""]"
"7529","Blue Frog Nuts & Seeds - Macadamia Almond & Manuka Honey","[""Dairy Free"",""Egg Free"",""Peanut Free"",""Sesame Free"",""Soy Free"",""Wheat Free""]"
"14121","Kellogg's All-Bran Original Breakfast Cereal","[""Dairy Free"",""Egg Free"",""Peanut Free"",""Sesame Free"",""Soy Free"",""Tree-nut Free""]"
"13308","Sanitarium Up & Go Breakfast Drink Banana","[""Dairy Free"",""Egg Free"",""Peanut Free"",""Sesame Free"",""Soy Free"",""Tree-nut Free""]"
"7527","Blue Frog Probiotic Porridge Vanilla Bean and Chia Seed","[""Dairy Free"",""Egg Free"",""Peanut Free"",""Sesame Free"",""Soy Free"",""Wheat Free""]"
"13023","Sanitarium Cereal Honey Puffs","[""Dairy Free"",""Egg Free"",""Peanut Free"",""Sesame Free"",""Soy Free"",""Tree-nut Free""]"
"9295","Eco Pac Heritage Flakes","[""Dairy Free"",""Egg Free"",""Peanut Free"",""Sesame Free"",""Soy Free"",""Tree-nut Free""]"
"7773","Organic Raw Muesli - Fruit & Nut","[""Dairy Free"",""Egg Free"",""Peanut Free"",""Sesame Free"",""Soy Free"",""Wheat Free""]"
"15159","Pic's Really Good Crunchy Peanut Butter","[""Dairy Free"",""Egg Free"",""Gluten Free Coeliac/Celiac"",""Sesame Free"",""Soy Free"",""Wheat Free""]"
"7461","Paleo Hero Primal Muesli","[""Dairy Free"",""Egg Free"",""Gluten Free Coeliac/Celiac"",""Peanut Free"",""Soy Free"",""Wheat Free""]"
"13659","Jordans Granola Low Sugar Blueberry Coconut","[""Dairy Free"",""Egg Free"",""Peanut Free"",""Sesame Free"",""Soy Free"",""Wheat Free""]"
"6668","Organic Crack'd Smooth Peanut Butter","[""Dairy Free"",""Egg Free"",""Gluten Free Coeliac/Celiac"",""Sesame Free"",""Soy Free"",""Wheat Free""]"
"9805","Kialla Organic Plain Flour Unbleached White Bulk","[""Dairy Free"",""Egg Free"",""Peanut Free"",""Sesame Free"",""Soy Free"",""Tree-nut Free""]"
"7526","Blue Frog Raspberry Vanilla Probiotic Granola","[""Dairy Free"",""Egg Free"",""Peanut Free"",""Sesame Free"",""Soy Free"",""Wheat Free""]"
"13657","Uncle Tobys Quick Oats Creamy Honey","[""Dairy Free"",""Egg Free"",""Peanut Free"",""Sesame Free"",""Soy Free"",""Tree-nut Free""]"
"13147","Nut Brothers Peanut Butter Super Crunchy No Added Salt","[""Dairy Free"",""Egg Free"",""Gluten Free Coeliac/Celiac"",""Sesame Free"",""Soy Free"",""Wheat Free""]"
"14083","I Love Breakfast Cocoa Magic Crunch Breakfast Cereal","[""Dairy Free"",""Egg Free"",""Peanut Free"",""Sesame Free"",""Soy Free"",""Tree-nut Free""]"
"14087","Kellogg's Corn Flakes Breakfast Cereal","[""Dairy Free"",""Egg Free"",""Peanut Free"",""Sesame Free"",""Soy Free"",""Tree-nut Free""]"
"9615","Lotus Organic Spelt Flakes Rolled","[""Dairy Free"",""Egg Free"",""Peanut Free"",""Sesame Free"",""Soy Free"",""Tree-nut Free""]"
"7058","Plenty Peanut Butter Smooth","[""Dairy Free"",""Egg Free"",""Gluten Free Coeliac/Celiac"",""Sesame Free"",""Soy Free"",""Wheat Free""]"
"7759","Granola - Rosella Cinnamon","[""Dairy Free"",""Egg Free"",""Peanut Free"",""Sesame Free"",""Soy Free"",""Wheat Free""]"
"11111","Vogels Muesli Clusters Cranberry & Blackcurant","[""Dairy Free"",""Egg Free"",""Peanut Free"",""Sesame Free"",""Soy Free"",""Tree-nut Free""]"
"13468","Uncle Tobys Quick Oats Fruit Variety","[""Dairy Free"",""Egg Free"",""Peanut Free"",""Sesame Free"",""Soy Free"",""Tree-nut Free""]"
"9206","Forty Thieves Peanut Butter Crunchy","[""Dairy Free"",""Egg Free"",""Gluten Free Coeliac/Celiac"",""Sesame Free"",""Soy Free"",""Wheat Free""]"
"13307","Sanitarium Up & Go Breakfast Drink Choc Ice","[""Dairy Free"",""Egg Free"",""Peanut Free"",""Sesame Free"",""Soy Free"",""Tree-nut Free""]"
"13793","Weight Watchers Cereal Berry Flakes","[""Dairy Free"",""Egg Free"",""Peanut Free"",""Sesame Free"",""Soy Free"",""Tree-nut Free""]"
"7761","Granola - Chocolate Vanilla","[""Dairy Free"",""Egg Free"",""Peanut Free"",""Sesame Free"",""Soy Free"",""Wheat Free""]"
"6667","Organic Crack'd Whole Peanut Butter","[""Dairy Free"",""Egg Free"",""Gluten Free Coeliac/Celiac"",""Sesame Free"",""Soy Free"",""Wheat Free""]"
"15164","Pams Finest Crunchy Peanut Butter with Chia & Flaxseed","[""Dairy Free"",""Egg Free"",""Gluten Free Coeliac/Celiac"",""Sesame Free"",""Soy Free"",""Wheat Free""]"
"13669","Jordans Granola Low Sugar Almond Hazelnut","[""Dairy Free"",""Egg Free"",""Peanut Free"",""Sesame Free"",""Soy Free"",""Wheat Free""]"
"14871","Uncle Tobys Delicious Blends Roasted Almond Currant & Maple Flavour Sachets","[""Dairy Free"",""Egg Free"",""Peanut Free"",""Sesame Free"",""Soy Free"",""Wheat Free""]"
"14119","Pams Wheat Biskits","[""Dairy Free"",""Egg Free"",""Peanut Free"",""Sesame Free"",""Soy Free"",""Tree-nut Free""]"
"9638","Eat Real Veggie Straws Multipack (5)","[""Dairy Free"",""Egg Free"",""Peanut Free"",""Sesame Free"",""Soy Free"",""Tree-nut Free""]"
"7532","Blue Frog Manuka Honey Probiotic Granola","[""Dairy Free"",""Egg Free"",""Peanut Free"",""Sesame Free"",""Soy Free"",""Wheat Free""]"
"15156","Pams Finest Smooth Peanut Butter","[""Dairy Free"",""Egg Free"",""Gluten Free Coeliac/Celiac"",""Sesame Free"",""Soy Free"",""Wheat Free""]"
"4893","Organic Whole Peanut Butter - Smooth","[""Dairy Free"",""Egg Free"",""Gluten Free Coeliac/Celiac"",""Sesame Free"",""Soy Free"",""Wheat Free""]"
"14098","Kellogg's Guardian Breakfast Cereal","[""Dairy Free"",""Egg Free"",""Peanut Free"",""Sesame Free"",""Soy Free"",""Tree-nut Free""]"
"13665","Uncle Tobys Big Bowl Quick Oats Banana & Honey","[""Dairy Free"",""Egg Free"",""Peanut Free"",""Sesame Free"",""Soy Free"",""Tree-nut Free""]"
"9538","Down To Earth Organic Corn Flakes","[""Dairy Free"",""Egg Free"",""Peanut Free"",""Sesame Free"",""Soy Free"",""Tree-nut Free""]"
"7760","Granola - Coconut Banana","[""Dairy Free"",""Egg Free"",""Peanut Free"",""Sesame Free"",""Soy Free"",""Wheat Free""]"
"6665","Organic Superspread - FODMAP Friendly","[""Dairy Free"",""Egg Free"",""Gluten Free Coeliac/Celiac"",""Peanut Free"",""Soy Free"",""Wheat Free""]"
"7414","Loving Earth Buckinis Caramelised Clusters","[""Dairy Free"",""Egg Free"",""Peanut Free"",""Sesame Free"",""Soy Free"",""Tree-nut Free""]"
"8867","Good Morning Buckwheat Puffs","[""Dairy Free"",""Egg Free"",""Peanut Free"",""Sesame Free"",""Soy Free"",""Tree-nut Free""]"
"6664","Organic Superspread - Low Aussie Salt","[""Dairy Free"",""Egg Free"",""Gluten Free Coeliac/Celiac"",""Peanut Free"",""Soy Free"",""Wheat Free""]"
"16605","Raspberry, Coconut & Toasted Almond","[""Dairy Free"",""Egg Free"",""Gluten Free Coeliac/Celiac"",""Peanut Free"",""Sesame Free"",""Soy Free""]"
"8924","Kialla Organic Wholegrain Spelt Flour 5kg Bulk","[""Dairy Free"",""Egg Free"",""Peanut Free"",""Sesame Free"",""Soy Free"",""Tree-nut Free""]"
"14117","Pams Finest Luxury Berry Granola","[""Dairy Free"",""Egg Free"",""Peanut Free"",""Sesame Free"",""Soy Free"",""Tree-nut Free""]"
"15115","Sanitarium No Added Sugar or Salt Crunchy Peanut Butter","[""Dairy Free"",""Egg Free"",""Gluten Free Coeliac/Celiac"",""Sesame Free"",""Soy Free"",""Wheat Free""]"
"7505","Eclipse Wholefoods Modern No-Nut Granola Vanilla Maple Clusters","[""Dairy Free"",""Egg Free"",""Peanut Free"",""Sesame Free"",""Soy Free"",""Tree-nut Free""]"
"13278","Peanut Butter Crunchy No Salt","[""Dairy Free"",""Egg Free"",""Gluten Free Coeliac/Celiac"",""Sesame Free"",""Soy Free"",""Wheat Free""]"
"13016","Sanitarium Light N Tasty Cereal Berry Fruits","[""Dairy Free"",""Egg Free"",""Peanut Free"",""Sesame Free"",""Soy Free"",""Tree-nut Free""]"
"13461","Countdown Toasted Muesli Tropical","[""Dairy Free"",""Egg Free"",""Peanut Free"",""Sesame Free"",""Soy Free"",""Wheat Free""]"
"7503","Eclipse Wholefoods Slow Roasted Muesli Australian Honey and Coconut","[""Dairy Free"",""Egg Free"",""Peanut Free"",""Sesame Free"",""Soy Free"",""Wheat Free""]"
"16606","KETO Peanut, Almond & Raspberry","[""Dairy Free"",""Egg Free"",""Gluten Free Coeliac/Celiac"",""Sesame Free"",""Soy Free"",""Wheat Free""]"
"15525","Pams Smooth Peanut Butter","[""Dairy Free"",""Egg Free"",""Gluten Free Coeliac/Celiac"",""Sesame Free"",""Soy Free"",""Wheat Free""]"
"11573","Be Natural Granola Berry Bliss","[""Dairy Free"",""Egg Free"",""Peanut Free"",""Sesame Free"",""Soy Free"",""Tree-nut Free""]"
"14093","Kellogg's Nutri-Grain Breakfast Cereal","[""Dairy Free"",""Egg Free"",""Peanut Free"",""Sesame Free"",""Soy Free"",""Tree-nut Free""]"
"15530","Vegemite Spread","[""Dairy Free"",""Egg Free"",""Peanut Free"",""Sesame Free"",""Soy Free"",""Tree-nut Free""]"
"13655","Uncle Tobys Big Bowl Quick Oats Honey","[""Dairy Free"",""Egg Free"",""Peanut Free"",""Sesame Free"",""Soy Free"",""Tree-nut Free""]"
"4932","Probiotic Maple & Maca Easy Oats","[""Dairy Free"",""Egg Free"",""Peanut Free"",""Sesame Free"",""Soy Free"",""Tree-nut Free""]"
"15177","Pic's Really Good Crunchy Peanut Butter","[""Dairy Free"",""Egg Free"",""Gluten Free Coeliac/Celiac"",""Sesame Free"",""Soy Free"",""Wheat Free""]"
"9221","Well & Truly Macadamia Gold Artisan Spread","[""Dairy Free"",""Egg Free"",""Gluten Free Coeliac/Celiac"",""Peanut Free"",""Soy Free"",""Wheat Free""]"
"13482","Vogels Cafe Style Keto Friendly Muesli Toasted Peanut, Coconut, Cacao","[""Dairy Free"",""Egg Free"",""Gluten Free Coeliac/Celiac"",""Sesame Free"",""Soy Free"",""Wheat Free""]"
"9661","Ceres Organic Gluten Free Super Grain Muesli","[""Dairy Free"",""Egg Free"",""Peanut Free"",""Sesame Free"",""Soy Free"",""Tree-nut Free""]"
"11920","Blue Frog Granola Blueberry Almond Cinnamon","[""Dairy Free"",""Egg Free"",""Peanut Free"",""Sesame Free"",""Soy Free"",""Wheat Free""]"
"11484","Forty Thieves Superfood Butter Chocolate, Nuts & Seeds","[""Dairy Free"",""Egg Free"",""Gluten Free Coeliac/Celiac"",""Sesame Free"",""Soy Free"",""Wheat Free""]"
"16087","Bega Crunchy Peanut Butter","[""Dairy Free"",""Egg Free"",""Gluten Free Coeliac/Celiac"",""Sesame Free"",""Soy Free"",""Wheat Free""]"
"13649","Vogels Muesli Clusters Crunchy Honey","[""Dairy Free"",""Egg Free"",""Peanut Free"",""Sesame Free"",""Soy Free"",""Tree-nut Free""]"
"4928","Peanut Butter Smooth No Salt","[""Dairy Free"",""Egg Free"",""Gluten Free Coeliac/Celiac"",""Sesame Free"",""Soy Free"",""Wheat Free""]"
"14113","Pams Rice Snaps","[""Dairy Free"",""Egg Free"",""Peanut Free"",""Sesame Free"",""Soy Free"",""Tree-nut Free""]"
"9224","Chantal Organic Whole Peanut Butter Smooth","[""Dairy Free"",""Egg Free"",""Gluten Free Coeliac/Celiac"",""Sesame Free"",""Soy Free"",""Wheat Free""]"
"11819","Barkers Berry Topping Strawberry Sundae Sauce","[""Dairy Free"",""Egg Free"",""Peanut Free"",""Sesame Free"",""Soy Free"",""Tree-nut Free""]"
"4883","Original Chunky Nut Muesli","[""Dairy Free"",""Egg Free"",""Peanut Free"",""Sesame Free"",""Soy Free"",""Wheat Free""]"
"9131","Hubbards - TGGF Berry Muesli","[""Dairy Free"",""Egg Free"",""Peanut Free"",""Sesame Free"",""Soy Free"",""Tree-nut Free""]"
"14131","Jordans Cherry & Almond Low Sugar Granola","[""Dairy Free"",""Egg Free"",""Peanut Free"",""Sesame Free"",""Soy Free"",""Wheat Free""]"
"12433","Natures Path Cereal Mesa Sunrise Organic","[""Dairy Free"",""Egg Free"",""Peanut Free"",""Sesame Free"",""Soy Free"",""Tree-nut Free""]"
"15189","Pic's Really Good Smooth Peanut Butter Slugs","[""Dairy Free"",""Egg Free"",""Gluten Free Coeliac/Celiac"",""Sesame Free"",""Soy Free"",""Wheat Free""]"
"15194","Bega Smooth Peanut Butter","[""Dairy Free"",""Egg Free"",""Gluten Free Coeliac/Celiac"",""Sesame Free"",""Soy Free"",""Wheat Free""]"
"13668","Vogels Creamy Porridge Cranberry, Currants & Coconut","[""Dairy Free"",""Egg Free"",""Peanut Free"",""Sesame Free"",""Soy Free"",""Wheat Free""]"
"6670","Organic Crack'd Crunchy Peanut Butter","[""Dairy Free"",""Egg Free"",""Gluten Free Coeliac/Celiac"",""Sesame Free"",""Soy Free"",""Wheat Free""]"
"7459","Paleo Hero Vegan Muesli","[""Dairy Free"",""Egg Free"",""Gluten Free Coeliac/Celiac"",""Peanut Free"",""Soy Free"",""Wheat Free""]"
"13487","Uncle Tobys Rolled Oats Hazelnut & Cinnamon","[""Dairy Free"",""Egg Free"",""Peanut Free"",""Sesame Free"",""Soy Free"",""Wheat Free""]"
"15163","Vegemite Spread","[""Dairy Free"",""Egg Free"",""Peanut Free"",""Sesame Free"",""Soy Free"",""Tree-nut Free""]"
"11008","Uncle Tobys Quick Oats Classic Variety","[""Dairy Free"",""Egg Free"",""Peanut Free"",""Sesame Free"",""Soy Free"",""Tree-nut Free""]"
"12330","Sanitarium Weetbix Wheat Biscuits Lower Cholesterol","[""Dairy Free"",""Egg Free"",""Peanut Free"",""Sesame Free"",""Soy Free"",""Tree-nut Free""]"
"11105","Uncle Tobys Rolled Oats Raspberry Almond & Vanilla","[""Dairy Free"",""Egg Free"",""Peanut Free"",""Sesame Free"",""Soy Free"",""Wheat Free""]"
"16602","Manuka Honey & Hemp Heart Porridge","[""Dairy Free"",""Egg Free"",""Peanut Free"",""Sesame Free"",""Soy Free"",""Wheat Free""]"
"12432","Freedom Foods Active Balance Cereal Buckwheat & Quinoa Gluten Free","[""Dairy Free"",""Egg Free"",""Gluten Free Coeliac/Celiac"",""Peanut Free"",""Sesame Free"",""Tree-nut Free""]"
"16069","Pams Superfoods Buckwheat","[""Dairy Free"",""Egg Free"",""Peanut Free"",""Sesame Free"",""Soy Free"",""Tree-nut Free""]"
"13652","Hubbards Amazing Gluten Free Muesli 5 Grain & Berry","[""Dairy Free"",""Egg Free"",""Peanut Free"",""Sesame Free"",""Soy Free"",""Tree-nut Free""]"
"13286","Delisio Potato Chips Caramelised Onion & Balsamic","[""Dairy Free"",""Egg Free"",""Peanut Free"",""Sesame Free"",""Soy Free"",""Tree-nut Free""]"
"15532","Pams Smooth Peanut Butter","[""Dairy Free"",""Egg Free"",""Gluten Free Coeliac/Celiac"",""Sesame Free"",""Soy Free"",""Wheat Free""]"
"4895","Organic Whole Peanut Butter - Crunchy","[""Dairy Free"",""Egg Free"",""Gluten Free Coeliac/Celiac"",""Sesame Free"",""Soy Free"",""Wheat Free""]"
"13144","Sanitarium Peanut Butter Smooth No Added Sugar Or Salt","[""Dairy Free"",""Egg Free"",""Gluten Free Coeliac/Celiac"",""Sesame Free"",""Soy Free"",""Wheat Free""]"
"15186","Pams Twisted Hazelnut Spread","[""Dairy Free"",""Egg Free"",""Gluten Free Coeliac/Celiac"",""Peanut Free"",""Sesame Free"",""Wheat Free""]"
"6663","Organic Superspread - The Original","[""Dairy Free"",""Egg Free"",""Gluten Free Coeliac/Celiac"",""Peanut Free"",""Soy Free"",""Wheat Free""]"
"13306","Sanitarium Up & Go Energize Breakfast Drink Coffee","[""Dairy Free"",""Egg Free"",""Peanut Free"",""Sesame Free"",""Soy Free"",""Tree-nut Free""]"
"9978","Streets Paddle Pop Ice Cream Cyclone 688ml","[""Dairy Free"",""Egg Free"",""Peanut Free"",""Sesame Free"",""Soy Free"",""Tree-nut Free""]"
"13930","Lifesavers Tingles Fruit Multipack","[""Dairy Free"",""Egg Free"",""Peanut Free"",""Sesame Free"",""Soy Free"",""Tree-nut Free""]"
"13484","Harraways Oat Singles Kiwi Favourites","[""Egg Free"",""Peanut Free"",""Sesame Free"",""Soy Free"",""Tree-nut Free"",""Wheat Free""]"
"14103","Pams Instant Oats Brown Sugar & Honey","[""Egg Free"",""Peanut Free"",""Sesame Free"",""Soy Free"",""Tree-nut Free"",""Wheat Free""]"
"12993","Chupa Chups Lollipops Best Of Bag","[""Egg Free"",""Gluten Free Coeliac/Celiac"",""Peanut Free"",""Sesame Free"",""Tree-nut Free"",""Wheat Free""]"
"14106","Uncle Tobys Oats Quick Sachets Creamy Vanilla Sachets","[""Egg Free"",""Peanut Free"",""Sesame Free"",""Soy Free"",""Tree-nut Free"",""Wheat Free""]"
"11007","Harraways Oat Singles Kamahi Honey","[""Egg Free"",""Peanut Free"",""Sesame Free"",""Soy Free"",""Tree-nut Free"",""Wheat Free""]"
"9167","Forty Thieves Hazel Nut Crunch w Organic Cocoa","[""Egg Free"",""Gluten Free Coeliac/Celiac"",""Peanut Free"",""Sesame Free"",""Soy Free"",""Wheat Free""]"
"11108","Harraways Oat Singles Apple Sultana & Cinnamon","[""Egg Free"",""Peanut Free"",""Sesame Free"",""Soy Free"",""Tree-nut Free"",""Wheat Free""]"
"14120","Pams Instant Oats Cranberry & Apple Sachets","[""Egg Free"",""Peanut Free"",""Sesame Free"",""Soy Free"",""Tree-nut Free"",""Wheat Free""]"
"9619","Lotus Organic Rolled Oats Traditional Creamy Style","[""Dairy Free"",""Egg Free"",""Peanut Free"",""Sesame Free"",""Soy Free"",""Tree-nut Free"",""Wheat Free""]"
"11924","Blue Frog Cereal Coco Munch","[""Dairy Free"",""Egg Free"",""Gluten Free Coeliac/Celiac"",""Peanut Free"",""Sesame Free"",""Soy Free"",""Wheat Free""]"
"7802","Almond & Cardamom Keto Granola","[""Dairy Free"",""Egg Free"",""Gluten Free Coeliac/Celiac"",""Peanut Free"",""Sesame Free"",""Soy Free"",""Wheat Free""]"
"4918","Bircher Muesli","[""Dairy Free"",""Egg Free"",""Gluten Free Coeliac/Celiac"",""Peanut Free"",""Sesame Free"",""Soy Free"",""Wheat Free""]"
"14086","Pams Rolled Oats","[""Dairy Free"",""Egg Free"",""Peanut Free"",""Sesame Free"",""Soy Free"",""Tree-nut Free"",""Wheat Free""]"
"9618","Lotus Organic Rolled Oats Unstabilised","[""Dairy Free"",""Egg Free"",""Peanut Free"",""Sesame Free"",""Soy Free"",""Tree-nut Free"",""Wheat Free""]"
"8716","Food to Nourish Sprouted Cashew Spread","[""Dairy Free"",""Egg Free"",""Gluten Free Coeliac/Celiac"",""Peanut Free"",""Sesame Free"",""Soy Free"",""Wheat Free""]"
"13146","Fix & Fogg Almond Butter Crunchy","[""Dairy Free"",""Egg Free"",""Gluten Free Coeliac/Celiac"",""Peanut Free"",""Sesame Free"",""Soy Free"",""Wheat Free""]"
"13473","Uncle Tobys Big Bowl Quick Oats Original","[""Dairy Free"",""Egg Free"",""Peanut Free"",""Sesame Free"",""Soy Free"",""Tree-nut Free"",""Wheat Free""]"
"4880","Misomite","[""Dairy Free"",""Egg Free"",""Gluten Free Coeliac/Celiac"",""Peanut Free"",""Sesame Free"",""Soy Free"",""Tree-nut Free""]"
"11940","Legendary Locals Granola Honey & Nut","[""Dairy Free"",""Egg Free"",""Gluten Free Coeliac/Celiac"",""Peanut Free"",""Sesame Free"",""Soy Free"",""Wheat Free""]"
"4919","Original Granola","[""Dairy Free"",""Egg Free"",""Gluten Free Coeliac/Celiac"",""Peanut Free"",""Sesame Free"",""Soy Free"",""Wheat Free""]"
"14110","Harraways Oat-active Simply Original Oats","[""Dairy Free"",""Egg Free"",""Peanut Free"",""Sesame Free"",""Soy Free"",""Tree-nut Free"",""Wheat Free""]"
"4911","Dark Chocolate + Goji Berry Granola","[""Dairy Free"",""Egg Free"",""Gluten Free Coeliac/Celiac"",""Peanut Free"",""Sesame Free"",""Soy Free"",""Wheat Free""]"
"13465","Macro Organic Rolled Oats","[""Dairy Free"",""Egg Free"",""Peanut Free"",""Sesame Free"",""Soy Free"",""Tree-nut Free"",""Wheat Free""]"
"4894","Organic Quick Rolled Oats","[""Dairy Free"",""Egg Free"",""Peanut Free"",""Sesame Free"",""Soy Free"",""Tree-nut Free"",""Wheat Free""]"
"9135","Kellogg's Special KÂ® Gluten Free Almond and Cranberry","[""Dairy Free"",""Egg Free"",""Gluten Free Coeliac/Celiac"",""Peanut Free"",""Sesame Free"",""Soy Free"",""Wheat Free""]"
"11095","Harraways Rolled Oats Organic","[""Dairy Free"",""Egg Free"",""Peanut Free"",""Sesame Free"",""Soy Free"",""Tree-nut Free"",""Wheat Free""]"
"13488","Uncle Tobys Quick Oats Apple & Cinnamon","[""Dairy Free"",""Egg Free"",""Peanut Free"",""Sesame Free"",""Soy Free"",""Tree-nut Free"",""Wheat Free""]"
"8128","Cinnamon Pecan Keto Granola","[""Dairy Free"",""Egg Free"",""Gluten Free Coeliac/Celiac"",""Peanut Free"",""Sesame Free"",""Soy Free"",""Wheat Free""]"
"11094","Vogels Delightful Granola Apple Cinnamon","[""Dairy Free"",""Egg Free"",""Gluten Free Coeliac/Celiac"",""Peanut Free"",""Sesame Free"",""Soy Free"",""Wheat Free""]"
"13475","Uncle Tobys Quick Oats Brown Sugar & Cinnamon","[""Dairy Free"",""Egg Free"",""Peanut Free"",""Sesame Free"",""Soy Free"",""Tree-nut Free"",""Wheat Free""]"
"13670","Something To Crow About Muesli Raspberry, Almond & Coconut","[""Dairy Free"",""Egg Free"",""Gluten Free Coeliac/Celiac"",""Peanut Free"",""Sesame Free"",""Soy Free"",""Wheat Free""]"
"13466","Macro Organic Quick Oats","[""Dairy Free"",""Egg Free"",""Peanut Free"",""Sesame Free"",""Soy Free"",""Tree-nut Free"",""Wheat Free""]"
"13145","Pics Really Good Almond Butter Double Crunch","[""Dairy Free"",""Egg Free"",""Gluten Free Coeliac/Celiac"",""Peanut Free"",""Sesame Free"",""Soy Free"",""Wheat Free""]"
"4885","Cinnamon Spiced Almond Butter With Chia & Hemp","[""Dairy Free"",""Egg Free"",""Gluten Free Coeliac/Celiac"",""Peanut Free"",""Sesame Free"",""Soy Free"",""Wheat Free""]"
"13673","Uncle Tobys Porridge Milk Oaties","[""Dairy Free"",""Egg Free"",""Peanut Free"",""Sesame Free"",""Soy Free"",""Tree-nut Free"",""Wheat Free""]"
"7398","Lotus Oats Steel Cut","[""Dairy Free"",""Egg Free"",""Peanut Free"",""Sesame Free"",""Soy Free"",""Tree-nut Free"",""Wheat Free""]"
"7753","Macadamia Clusters Keto Granola","[""Dairy Free"",""Egg Free"",""Gluten Free Coeliac/Celiac"",""Peanut Free"",""Sesame Free"",""Soy Free"",""Wheat Free""]"
"9626","Lotus Organic Quick Oats","[""Dairy Free"",""Egg Free"",""Peanut Free"",""Sesame Free"",""Soy Free"",""Tree-nut Free"",""Wheat Free""]"
"11921","Something To Crow About Muesli Almond Coconut & Orange","[""Dairy Free"",""Egg Free"",""Gluten Free Coeliac/Celiac"",""Peanut Free"",""Sesame Free"",""Soy Free"",""Wheat Free""]"
"8447","Ceres Organic Almond Butter","[""Dairy Free"",""Egg Free"",""Gluten Free Coeliac/Celiac"",""Peanut Free"",""Sesame Free"",""Soy Free"",""Wheat Free""]"
"6672","Organic Crack'd Almond Butter","[""Dairy Free"",""Egg Free"",""Gluten Free Coeliac/Celiac"",""Peanut Free"",""Sesame Free"",""Soy Free"",""Wheat Free""]"
"15181","Fix & Fogg Cashew And Maple Almond Butter","[""Dairy Free"",""Egg Free"",""Gluten Free Coeliac/Celiac"",""Peanut Free"",""Sesame Free"",""Soy Free"",""Wheat Free""]"
"8034","Alfie''s Food Co. Almond, Brazil & Cashew (ABC) Butter (250g)","[""Dairy Free"",""Egg Free"",""Gluten Free Coeliac/Celiac"",""Peanut Free"",""Sesame Free"",""Soy Free"",""Wheat Free""]"
"8461","Ceres Organics Quinoa, Cacao & Millet Hot Cereal","[""Dairy Free"",""Egg Free"",""Gluten Free Coeliac/Celiac"",""Peanut Free"",""Sesame Free"",""Soy Free"",""Wheat Free""]"
"8720","Food to Nourish Chocolate Hazelnut Spread","[""Dairy Free"",""Egg Free"",""Gluten Free Coeliac/Celiac"",""Peanut Free"",""Sesame Free"",""Soy Free"",""Wheat Free""]"
"13671","Uncle Tobys Quick Oats Creamy Vanilla","[""Dairy Free"",""Egg Free"",""Peanut Free"",""Sesame Free"",""Soy Free"",""Tree-nut Free"",""Wheat Free""]"
"13490","Harraways Wholegrain Oats Traditional","[""Dairy Free"",""Egg Free"",""Peanut Free"",""Sesame Free"",""Soy Free"",""Tree-nut Free"",""Wheat Free""]"
"4902","Primal Breakfast Mix","[""Dairy Free"",""Egg Free"",""Gluten Free Coeliac/Celiac"",""Peanut Free"",""Sesame Free"",""Soy Free"",""Wheat Free""]"
"6662","Almond Chia & Hemp Spread","[""Dairy Free"",""Egg Free"",""Gluten Free Coeliac/Celiac"",""Peanut Free"",""Sesame Free"",""Soy Free"",""Wheat Free""]"
"11000","Uncle Tobys Milk Oaties","[""Dairy Free"",""Egg Free"",""Peanut Free"",""Sesame Free"",""Soy Free"",""Tree-nut Free"",""Wheat Free""]"
"8449","Ceres Organics Paleo Organic Hot Cereal","[""Dairy Free"",""Egg Free"",""Gluten Free Coeliac/Celiac"",""Peanut Free"",""Sesame Free"",""Soy Free"",""Wheat Free""]"
"14091","Pams Instant Oats Original Sachets","[""Dairy Free"",""Egg Free"",""Peanut Free"",""Sesame Free"",""Soy Free"",""Tree-nut Free"",""Wheat Free""]"
"13469","Something To Crow About Keto Muesli Pecan & Cinnamon","[""Dairy Free"",""Egg Free"",""Gluten Free Coeliac/Celiac"",""Peanut Free"",""Sesame Free"",""Soy Free"",""Wheat Free""]"
"13672","Pure Delish No Grain-ola Cereal Peach, Pecan & Vanilla","[""Dairy Free"",""Egg Free"",""Gluten Free Coeliac/Celiac"",""Peanut Free"",""Sesame Free"",""Soy Free"",""Wheat Free""]"
"12216","Tasti Smooshed Wholefood Snack Balls Berry Cashew & Cacao","[""Dairy Free"",""Egg Free"",""Gluten Free Coeliac/Celiac"",""Peanut Free"",""Sesame Free"",""Soy Free"",""Wheat Free""]"
"13479","Uncle Tobys Rolled Oats","[""Dairy Free"",""Egg Free"",""Peanut Free"",""Sesame Free"",""Soy Free"",""Tree-nut Free"",""Wheat Free""]"
"15183","Pams Finest Deluxe Almond Butter","[""Dairy Free"",""Egg Free"",""Gluten Free Coeliac/Celiac"",""Peanut Free"",""Sesame Free"",""Soy Free"",""Wheat Free""]"
"11922","Something To Crow About Muesli Keto Gingernut & Almond","[""Dairy Free"",""Egg Free"",""Gluten Free Coeliac/Celiac"",""Peanut Free"",""Sesame Free"",""Soy Free"",""Wheat Free""]"
"13471","Uncle Tobys Quick Oats Original","[""Dairy Free"",""Egg Free"",""Peanut Free"",""Sesame Free"",""Soy Free"",""Tree-nut Free"",""Wheat Free""]"
"4903","Organic Caramel Apple Pie Super Granola","[""Dairy Free"",""Egg Free"",""Gluten Free Coeliac/Celiac"",""Peanut Free"",""Sesame Free"",""Soy Free"",""Wheat Free""]"
"6660","Cashew Coconut & Hemp Spread - Smooth","[""Dairy Free"",""Egg Free"",""Gluten Free Coeliac/Celiac"",""Peanut Free"",""Sesame Free"",""Soy Free"",""Wheat Free""]"
"8929","Kialla Organic Rolled Oats","[""Dairy Free"",""Egg Free"",""Peanut Free"",""Sesame Free"",""Soy Free"",""Tree-nut Free"",""Wheat Free""]"
"6943","Rich Chocolate Coconut Keto Slice (10x60g)","[""Dairy Free"",""Egg Free"",""Gluten Free Coeliac/Celiac"",""Peanut Free"",""Sesame Free"",""Soy Free"",""Wheat Free""]"
"9948","Cacao & Coconut Probiotic Keto Granola","[""Dairy Free"",""Egg Free"",""Gluten Free Coeliac/Celiac"",""Peanut Free"",""Sesame Free"",""Soy Free"",""Wheat Free""]"
"12971","Sanitarium Up & Go Breakfast Drink Chocolate No Added Sugar","[""Dairy Free"",""Egg Free"",""Peanut Free"",""Sesame Free"",""Soy Free"",""Tree-nut Free"",""Wheat Free""]"
"11923","Something To Crow About Muesli Almond Maple & Cacao Probiotic","[""Dairy Free"",""Egg Free"",""Gluten Free Coeliac/Celiac"",""Peanut Free"",""Sesame Free"",""Soy Free"",""Wheat Free""]"
"7490","Food to Nourish Paleo's Breakfast Adventure","[""Dairy Free"",""Egg Free"",""Gluten Free Coeliac/Celiac"",""Peanut Free"",""Sesame Free"",""Soy Free"",""Wheat Free""]"
"14029","Jordans Simply Crunchy Oat Granola","[""Dairy Free"",""Egg Free"",""Peanut Free"",""Sesame Free"",""Soy Free"",""Tree-nut Free"",""Wheat Free""]"
"4929","Coconut Chocolate Spread Organic","[""Dairy Free"",""Egg Free"",""Gluten Free Coeliac/Celiac"",""Peanut Free"",""Sesame Free"",""Soy Free"",""Wheat Free""]"
"9297","Brookfarm Gluten Free Porrij","[""Dairy Free"",""Egg Free"",""Gluten Free Coeliac/Celiac"",""Peanut Free"",""Sesame Free"",""Soy Free"",""Wheat Free""]"
"8925","Kialla Organic Wholegrain Rye Flour Bulk","[""Dairy Free"",""Egg Free"",""Peanut Free"",""Sesame Free"",""Soy Free"",""Tree-nut Free"",""Wheat Free""]"
"11919","The Mighty Food Kitchen Keto Granola Grain-free","[""Dairy Free"",""Egg Free"",""Gluten Free Coeliac/Celiac"",""Peanut Free"",""Sesame Free"",""Soy Free"",""Wheat Free""]"
"7498","Food to Nourish Almond Gingernut Spread","[""Dairy Free"",""Egg Free"",""Gluten Free Coeliac/Celiac"",""Peanut Free"",""Sesame Free"",""Soy Free"",""Wheat Free""]"
"14116","Pams Wholegrain Oats","[""Dairy Free"",""Egg Free"",""Peanut Free"",""Sesame Free"",""Soy Free"",""Tree-nut Free"",""Wheat Free""]"
"7410","Loving Earth Hazelnut Chocolate Butter","[""Dairy Free"",""Egg Free"",""Gluten Free Coeliac/Celiac"",""Peanut Free"",""Sesame Free"",""Soy Free"",""Wheat Free""]"
"14126","Pams Creamy Porridge","[""Dairy Free"",""Egg Free"",""Peanut Free"",""Sesame Free"",""Soy Free"",""Tree-nut Free"",""Wheat Free""]"
"7754","Macadamia Clusters Keto Granola","[""Dairy Free"",""Egg Free"",""Gluten Free Coeliac/Celiac"",""Peanut Free"",""Sesame Free"",""Soy Free"",""Wheat Free""]"
"13654","The Mighty Food Kitchen Keto Granola Grain-free Raspberry","[""Dairy Free"",""Egg Free"",""Gluten Free Coeliac/Celiac"",""Peanut Free"",""Sesame Free"",""Soy Free"",""Wheat Free""]"
"9134","Hubbards Thank Goodness Gluten Free Original","[""Dairy Free"",""Egg Free"",""Gluten Free Coeliac/Celiac"",""Peanut Free"",""Sesame Free"",""Soy Free"",""Wheat Free""]"
"9954","Fix and Fogg Chocolate Almond Butter","[""Dairy Free"",""Egg Free"",""Gluten Free Coeliac/Celiac"",""Peanut Free"",""Sesame Free"",""Soy Free"",""Wheat Free""]"
"9220","Ceres Organic AbC Spread","[""Dairy Free"",""Egg Free"",""Gluten Free Coeliac/Celiac"",""Peanut Free"",""Sesame Free"",""Soy Free"",""Wheat Free""]"
"13472","Pure Delish Grain-ola Cereal Black Doris Plum","[""Dairy Free"",""Egg Free"",""Gluten Free Coeliac/Celiac"",""Peanut Free"",""Sesame Free"",""Soy Free"",""Wheat Free""]"
"4887","Strawberry & Pistachio Breakfast Mix","[""Dairy Free"",""Egg Free"",""Gluten Free Coeliac/Celiac"",""Peanut Free"",""Sesame Free"",""Soy Free"",""Wheat Free""]"
"7771","Cinnamon Pecan Keto Granola","[""Dairy Free"",""Egg Free"",""Gluten Free Coeliac/Celiac"",""Peanut Free"",""Sesame Free"",""Soy Free"",""Wheat Free""]"
"15447","Good Farmers Raspberries & Coconut Muesli","[""Dairy Free"",""Egg Free"",""Gluten Free Coeliac/Celiac"",""Peanut Free"",""Sesame Free"",""Soy Free"",""Wheat Free""]"
"10826","Macro Nut Butter Spread Cashew","[""Dairy Free"",""Egg Free"",""Gluten Free Coeliac/Celiac"",""Peanut Free"",""Sesame Free"",""Soy Free"",""Wheat Free""]"
"13480","Harraways Oats Steel Cut Original","[""Dairy Free"",""Egg Free"",""Peanut Free"",""Sesame Free"",""Soy Free"",""Tree-nut Free"",""Wheat Free""]"
"7488","Food to Nourish Sprouted Luscious Lemon Spread","[""Dairy Free"",""Egg Free"",""Gluten Free Coeliac/Celiac"",""Peanut Free"",""Sesame Free"",""Soy Free"",""Wheat Free""]"
"7772","Almond & Cardamom Keto Granola","[""Dairy Free"",""Egg Free"",""Gluten Free Coeliac/Celiac"",""Peanut Free"",""Sesame Free"",""Soy Free"",""Wheat Free""]"
"15188","Forty Thieves Crunchy Almond Butter","[""Dairy Free"",""Egg Free"",""Gluten Free Coeliac/Celiac"",""Peanut Free"",""Sesame Free"",""Soy Free"",""Wheat Free""]"
"9964","Sweet Not Sugar â€“ No Grainer Grain Free Keto Breakfast","[""Dairy Free"",""Egg Free"",""Gluten Free Coeliac/Celiac"",""Peanut Free"",""Sesame Free"",""Soy Free"",""Wheat Free""]"
"6669","Organic Crack'd Hazelnut Butter","[""Dairy Free"",""Egg Free"",""Gluten Free Coeliac/Celiac"",""Peanut Free"",""Sesame Free"",""Soy Free"",""Wheat Free""]"
"6671","Organic Crack'd Cashew Butter","[""Dairy Free"",""Egg Free"",""Gluten Free Coeliac/Celiac"",""Peanut Free"",""Sesame Free"",""Soy Free"",""Wheat Free""]"
"11932","Glorious Free Rolled Oats Wheat Free","[""Dairy Free"",""Egg Free"",""Peanut Free"",""Sesame Free"",""Soy Free"",""Tree-nut Free"",""Wheat Free""]"
"11005","Harraways Wholegrain Oats Organic","[""Dairy Free"",""Egg Free"",""Peanut Free"",""Sesame Free"",""Soy Free"",""Tree-nut Free"",""Wheat Free""]"
"14101","Pams Rolled Oats","[""Dairy Free"",""Egg Free"",""Peanut Free"",""Sesame Free"",""Soy Free"",""Tree-nut Free"",""Wheat Free""]"
"13492","Countdown Quick Oats Australian","[""Dairy Free"",""Egg Free"",""Peanut Free"",""Sesame Free"",""Soy Free"",""Tree-nut Free"",""Wheat Free""]"
"6661","Cashew Coconut & Hemp Spread - Crunchy","[""Dairy Free"",""Egg Free"",""Gluten Free Coeliac/Celiac"",""Peanut Free"",""Sesame Free"",""Soy Free"",""Wheat Free""]"
"9130","Orgran Sugarfree Acai & Coconut Cereal","[""Dairy Free"",""Egg Free"",""Gluten Free Coeliac/Celiac"",""Peanut Free"",""Sesame Free"",""Soy Free"",""Wheat Free""]"
"13658","Pure Delish Grain-ola Cereal Citrus & Spice","[""Dairy Free"",""Egg Free"",""Gluten Free Coeliac/Celiac"",""Peanut Free"",""Sesame Free"",""Soy Free"",""Wheat Free""]"
"6408","Chocolate Spread","[""Dairy Free"",""Egg Free"",""Gluten Free Coeliac/Celiac"",""Peanut Free"",""Sesame Free"",""Tree-nut Free"",""Wheat Free""]"
"7333","Melrose Nut Butter Spread Coconut Cashew","[""Dairy Free"",""Egg Free"",""Gluten Free Coeliac/Celiac"",""Peanut Free"",""Sesame Free"",""Soy Free"",""Wheat Free""]"
"7489","Food to Nourish Sprouted Hemp Seed Spread","[""Dairy Free"",""Egg Free"",""Gluten Free Coeliac/Celiac"",""Peanut Free"",""Sesame Free"",""Soy Free"",""Wheat Free""]"
"13464","Uncle Tobys Rolled Oats","[""Dairy Free"",""Egg Free"",""Peanut Free"",""Sesame Free"",""Soy Free"",""Tree-nut Free"",""Wheat Free""]"
"11722","Pop N Good Popcorn Lunch Pack","[""Egg Free"",""Gluten Free Coeliac/Celiac"",""Peanut Free"",""Sesame Free"",""Soy Free"",""Tree-nut Free"",""Wheat Free""]"
"15507","Bega Cream Cheese Cheddar Spread","[""Egg Free"",""Gluten Free Coeliac/Celiac"",""Peanut Free"",""Sesame Free"",""Soy Free"",""Tree-nut Free"",""Wheat Free""]"
"8723","Bulk Deal: Cobs Popcorn Natural Cheddar Cheese","[""Egg Free"",""Gluten Free Coeliac/Celiac"",""Peanut Free"",""Sesame Free"",""Soy Free"",""Tree-nut Free"",""Wheat Free""]"
"16062","Anathoth Farm Berry Fruit Mince","[""Egg Free"",""Gluten Free Coeliac/Celiac"",""Peanut Free"",""Sesame Free"",""Soy Free"",""Tree-nut Free"",""Wheat Free""]"
"9821","Bulk Deal: Cobs Popcorn Natural Butter","[""Egg Free"",""Gluten Free Coeliac/Celiac"",""Peanut Free"",""Sesame Free"",""Soy Free"",""Tree-nut Free"",""Wheat Free""]"
"15523","Manawa Honey Gift Pack","[""Dairy Free"",""Egg Free"",""Gluten Free Coeliac/Celiac"",""Peanut Free"",""Sesame Free"",""Soy Free"",""Tree-nut Free"",""Wheat Free""]"
"8817","Organic Raw Honey","[""Dairy Free"",""Egg Free"",""Gluten Free Coeliac/Celiac"",""Peanut Free"",""Sesame Free"",""Soy Free"",""Tree-nut Free"",""Wheat Free""]"
"8962","Lowan Cocoa Bombs","[""Dairy Free"",""Egg Free"",""Gluten Free Coeliac/Celiac"",""Peanut Free"",""Sesame Free"",""Soy Free"",""Tree-nut Free"",""Wheat Free""]"
"13312","Countdown Cherries Stoneless","[""Dairy Free"",""Egg Free"",""Gluten Free Coeliac/Celiac"",""Peanut Free"",""Sesame Free"",""Soy Free"",""Tree-nut Free"",""Wheat Free""]"
"15506","Manuka Doctor Multifloral Honey 40+ MGO","[""Dairy Free"",""Egg Free"",""Gluten Free Coeliac/Celiac"",""Peanut Free"",""Sesame Free"",""Soy Free"",""Tree-nut Free"",""Wheat Free""]"
"15528","Airborne Vipers Bugloss Honey","[""Dairy Free"",""Egg Free"",""Gluten Free Coeliac/Celiac"",""Peanut Free"",""Sesame Free"",""Soy Free"",""Tree-nut Free"",""Wheat Free""]"
"14084","Nature's Path Crispy Rice Cereal","[""Dairy Free"",""Egg Free"",""Gluten Free Coeliac/Celiac"",""Peanut Free"",""Sesame Free"",""Soy Free"",""Tree-nut Free"",""Wheat Free""]"
"12532","Happy Snack Bean Snacks Roasted Chic Peas 150g","[""Dairy Free"",""Egg Free"",""Gluten Free Coeliac/Celiac"",""Peanut Free"",""Sesame Free"",""Soy Free"",""Tree-nut Free"",""Wheat Free""]"
"7955","Organic Acai Superfood Drink - Original (12x1L)","[""Dairy Free"",""Egg Free"",""Gluten Free Coeliac/Celiac"",""Peanut Free"",""Sesame Free"",""Soy Free"",""Tree-nut Free"",""Wheat Free""]"
"9136","Kelloggâ€™sÂ® Corn Flakes Gluten Free","[""Dairy Free"",""Egg Free"",""Gluten Free Coeliac/Celiac"",""Peanut Free"",""Sesame Free"",""Soy Free"",""Tree-nut Free"",""Wheat Free""]"
"4899","New Zealand Rewarewa Honey","[""Dairy Free"",""Egg Free"",""Gluten Free Coeliac/Celiac"",""Peanut Free"",""Sesame Free"",""Soy Free"",""Tree-nut Free"",""Wheat Free""]"
"7507","Eclipse Organics Corn Flakes Traditional Wholegrain","[""Dairy Free"",""Egg Free"",""Gluten Free Coeliac/Celiac"",""Peanut Free"",""Sesame Free"",""Soy Free"",""Tree-nut Free"",""Wheat Free""]"
"15526","Pams Creamed Clover Honey","[""Dairy Free"",""Egg Free"",""Gluten Free Coeliac/Celiac"",""Peanut Free"",""Sesame Free"",""Soy Free"",""Tree-nut Free"",""Wheat Free""]"
"15185","Anathoth Farm Marmalade With Ginger","[""Dairy Free"",""Egg Free"",""Gluten Free Coeliac/Celiac"",""Peanut Free"",""Sesame Free"",""Soy Free"",""Tree-nut Free"",""Wheat Free""]"
"6835","Natural Seasoning Blend - Curry (12x30g)","[""Dairy Free"",""Egg Free"",""Gluten Free Coeliac/Celiac"",""Peanut Free"",""Sesame Free"",""Soy Free"",""Tree-nut Free"",""Wheat Free""]"
"11455","Countdown Apricot Jam","[""Dairy Free"",""Egg Free"",""Gluten Free Coeliac/Celiac"",""Peanut Free"",""Sesame Free"",""Soy Free"",""Tree-nut Free"",""Wheat Free""]"
"12389","Arataki Manuka Honey","[""Dairy Free"",""Egg Free"",""Gluten Free Coeliac/Celiac"",""Peanut Free"",""Sesame Free"",""Soy Free"",""Tree-nut Free"",""Wheat Free""]"
"15527","Bonne Maman Fig Conserve","[""Dairy Free"",""Egg Free"",""Gluten Free Coeliac/Celiac"",""Peanut Free"",""Sesame Free"",""Soy Free"",""Tree-nut Free"",""Wheat Free""]"
"15149","Pams Plum Jam","[""Dairy Free"",""Egg Free"",""Gluten Free Coeliac/Celiac"",""Peanut Free"",""Sesame Free"",""Soy Free"",""Tree-nut Free"",""Wheat Free""]"
"7583","Cobs Popcorn Multipack Sea Salt (10x5x13g)","[""Dairy Free"",""Egg Free"",""Gluten Free Coeliac/Celiac"",""Peanut Free"",""Sesame Free"",""Soy Free"",""Tree-nut Free"",""Wheat Free""]"
"8880","Bulk Deal: Cobs Popcorn Organic Sea Salt","[""Dairy Free"",""Egg Free"",""Gluten Free Coeliac/Celiac"",""Peanut Free"",""Sesame Free"",""Soy Free"",""Tree-nut Free"",""Wheat Free""]"
"12559","Sunreal Apricots 200g Snack Pack","[""Dairy Free"",""Egg Free"",""Gluten Free Coeliac/Celiac"",""Peanut Free"",""Sesame Free"",""Soy Free"",""Tree-nut Free"",""Wheat Free""]"
"4889","Manuka Honey Blend","[""Dairy Free"",""Egg Free"",""Gluten Free Coeliac/Celiac"",""Peanut Free"",""Sesame Free"",""Soy Free"",""Tree-nut Free"",""Wheat Free""]"
"11545","Ocean Spray Cranberry Sauce Whole Berry","[""Dairy Free"",""Egg Free"",""Gluten Free Coeliac/Celiac"",""Peanut Free"",""Sesame Free"",""Soy Free"",""Tree-nut Free"",""Wheat Free""]"
"9400","VGood Peanot Butter Smooth","[""Dairy Free"",""Egg Free"",""Gluten Free Coeliac/Celiac"",""Peanut Free"",""Sesame Free"",""Soy Free"",""Tree-nut Free"",""Wheat Free""]"
"15187","Pams Apricot & Ginger Jam","[""Dairy Free"",""Egg Free"",""Gluten Free Coeliac/Celiac"",""Peanut Free"",""Sesame Free"",""Soy Free"",""Tree-nut Free"",""Wheat Free""]"
"8818","Active Jellybush Honey (MGO 800+)","[""Dairy Free"",""Egg Free"",""Gluten Free Coeliac/Celiac"",""Peanut Free"",""Sesame Free"",""Soy Free"",""Tree-nut Free"",""Wheat Free""]"
"8816","Pure Manuka Honey (UMF 10+)","[""Dairy Free"",""Egg Free"",""Gluten Free Coeliac/Celiac"",""Peanut Free"",""Sesame Free"",""Soy Free"",""Tree-nut Free"",""Wheat Free""]"
"15166","Pams Raspberry Jam","[""Dairy Free"",""Egg Free"",""Gluten Free Coeliac/Celiac"",""Peanut Free"",""Sesame Free"",""Soy Free"",""Tree-nut Free"",""Wheat Free""]"
"8820","Active Jellybush Honey (MGO 550+)","[""Dairy Free"",""Egg Free"",""Gluten Free Coeliac/Celiac"",""Peanut Free"",""Sesame Free"",""Soy Free"",""Tree-nut Free"",""Wheat Free""]"
"11515","Craigs Plum Jam Black Doris","[""Dairy Free"",""Egg Free"",""Gluten Free Coeliac/Celiac"",""Peanut Free"",""Sesame Free"",""Soy Free"",""Tree-nut Free"",""Wheat Free""]"
"15515","Bonne Maman Blueberry Conserve","[""Dairy Free"",""Egg Free"",""Gluten Free Coeliac/Celiac"",""Peanut Free"",""Sesame Free"",""Soy Free"",""Tree-nut Free"",""Wheat Free""]"
"12377","Countdown Raspberry Jam","[""Dairy Free"",""Egg Free"",""Gluten Free Coeliac/Celiac"",""Peanut Free"",""Sesame Free"",""Soy Free"",""Tree-nut Free"",""Wheat Free""]"
"15529","Pams Creamed Clover Honey","[""Dairy Free"",""Egg Free"",""Gluten Free Coeliac/Celiac"",""Peanut Free"",""Sesame Free"",""Soy Free"",""Tree-nut Free"",""Wheat Free""]"
"15150","Anathoth Farm Plum Jam","[""Dairy Free"",""Egg Free"",""Gluten Free Coeliac/Celiac"",""Peanut Free"",""Sesame Free"",""Soy Free"",""Tree-nut Free"",""Wheat Free""]"
"15217","Bonne Maman Orange Marmalade","[""Dairy Free"",""Egg Free"",""Gluten Free Coeliac/Celiac"",""Peanut Free"",""Sesame Free"",""Soy Free"",""Tree-nut Free"",""Wheat Free""]"
"4886","New Zealand Manuka Blend Honey","[""Dairy Free"",""Egg Free"",""Gluten Free Coeliac/Celiac"",""Peanut Free"",""Sesame Free"",""Soy Free"",""Tree-nut Free"",""Wheat Free""]"
"11449","Barkers Spreadable Fruit Wild Berry No Refined Sugar","[""Dairy Free"",""Egg Free"",""Gluten Free Coeliac/Celiac"",""Peanut Free"",""Sesame Free"",""Soy Free"",""Tree-nut Free"",""Wheat Free""]"
"8864","Good Morning Quinoa Puffs","[""Dairy Free"",""Egg Free"",""Gluten Free Coeliac/Celiac"",""Peanut Free"",""Sesame Free"",""Soy Free"",""Tree-nut Free"",""Wheat Free""]"
"16086","Pams Apricot Jam","[""Dairy Free"",""Egg Free"",""Gluten Free Coeliac/Celiac"",""Peanut Free"",""Sesame Free"",""Soy Free"",""Tree-nut Free"",""Wheat Free""]"
"15165","Rose's Conserve Strawberry","[""Dairy Free"",""Egg Free"",""Gluten Free Coeliac/Celiac"",""Peanut Free"",""Sesame Free"",""Soy Free"",""Tree-nut Free"",""Wheat Free""]"
"15179","Jeremy's Bee Mellow Whipped Honey For Toast","[""Dairy Free"",""Egg Free"",""Gluten Free Coeliac/Celiac"",""Peanut Free"",""Sesame Free"",""Soy Free"",""Tree-nut Free"",""Wheat Free""]"
"11512","Barkers Spreadable Fruit Raspberry No Refined Sugar","[""Dairy Free"",""Egg Free"",""Gluten Free Coeliac/Celiac"",""Peanut Free"",""Sesame Free"",""Soy Free"",""Tree-nut Free"",""Wheat Free""]"
"15184","Pams Blackcurrant Jam","[""Dairy Free"",""Egg Free"",""Gluten Free Coeliac/Celiac"",""Peanut Free"",""Sesame Free"",""Soy Free"",""Tree-nut Free"",""Wheat Free""]"
"16047","Pams Fruit Pack California Raisins","[""Dairy Free"",""Egg Free"",""Gluten Free Coeliac/Celiac"",""Peanut Free"",""Sesame Free"",""Soy Free"",""Tree-nut Free"",""Wheat Free""]"
"15196","Airborne Manuka With Wildflower Honey","[""Dairy Free"",""Egg Free"",""Gluten Free Coeliac/Celiac"",""Peanut Free"",""Sesame Free"",""Soy Free"",""Tree-nut Free"",""Wheat Free""]"
"12541","Sunmaid Raisins","[""Dairy Free"",""Egg Free"",""Gluten Free Coeliac/Celiac"",""Peanut Free"",""Sesame Free"",""Soy Free"",""Tree-nut Free"",""Wheat Free""]"
"15508","St. Dalfour Orange Marmalade Fruit Spread","[""Dairy Free"",""Egg Free"",""Gluten Free Coeliac/Celiac"",""Peanut Free"",""Sesame Free"",""Soy Free"",""Tree-nut Free"",""Wheat Free""]"
"15154","Pams Boysenberry Jam","[""Dairy Free"",""Egg Free"",""Gluten Free Coeliac/Celiac"",""Peanut Free"",""Sesame Free"",""Soy Free"",""Tree-nut Free"",""Wheat Free""]"
"15501","Bonne Maman Raspberry Conserve","[""Dairy Free"",""Egg Free"",""Gluten Free Coeliac/Celiac"",""Peanut Free"",""Sesame Free"",""Soy Free"",""Tree-nut Free"",""Wheat Free""]"
"8484","Ceres Organics Roasted Seaweed (8)","[""Dairy Free"",""Egg Free"",""Gluten Free Coeliac/Celiac"",""Peanut Free"",""Sesame Free"",""Soy Free"",""Tree-nut Free"",""Wheat Free""]"
"9293","Natures Path Corn Flakes Fruit Sweetened","[""Dairy Free"",""Egg Free"",""Gluten Free Coeliac/Celiac"",""Peanut Free"",""Sesame Free"",""Soy Free"",""Tree-nut Free"",""Wheat Free""]"
"9294","Good Morning Organic Amaranth Puffs","[""Dairy Free"",""Egg Free"",""Gluten Free Coeliac/Celiac"",""Peanut Free"",""Sesame Free"",""Soy Free"",""Tree-nut Free"",""Wheat Free""]"
"13311","Countdown Cherries Morello","[""Dairy Free"",""Egg Free"",""Gluten Free Coeliac/Celiac"",""Peanut Free"",""Sesame Free"",""Soy Free"",""Tree-nut Free"",""Wheat Free""]"
"11451","St Dalfour Blueberry Jam Wild","[""Dairy Free"",""Egg Free"",""Gluten Free Coeliac/Celiac"",""Peanut Free"",""Sesame Free"",""Soy Free"",""Tree-nut Free"",""Wheat Free""]"
"12376","Craigs Apricot Jam","[""Dairy Free"",""Egg Free"",""Gluten Free Coeliac/Celiac"",""Peanut Free"",""Sesame Free"",""Soy Free"",""Tree-nut Free"",""Wheat Free""]"
"15160","Joknal Low Calorie Raspberry Jam Spread","[""Dairy Free"",""Egg Free"",""Gluten Free Coeliac/Celiac"",""Peanut Free"",""Sesame Free"",""Soy Free"",""Tree-nut Free"",""Wheat Free""]"
"12772","Countdown Blackberry Jam","[""Dairy Free"",""Egg Free"",""Gluten Free Coeliac/Celiac"",""Peanut Free"",""Sesame Free"",""Soy Free"",""Tree-nut Free"",""Wheat Free""]"
"15169","Joknal Low Calorie Apricot Jam Spread","[""Dairy Free"",""Egg Free"",""Gluten Free Coeliac/Celiac"",""Peanut Free"",""Sesame Free"",""Soy Free"",""Tree-nut Free"",""Wheat Free""]"
"4901","New Zealand Wildflower Honey","[""Dairy Free"",""Egg Free"",""Gluten Free Coeliac/Celiac"",""Peanut Free"",""Sesame Free"",""Soy Free"",""Tree-nut Free"",""Wheat Free""]"
"12430","Hantz Creamed Honey","[""Dairy Free"",""Egg Free"",""Gluten Free Coeliac/Celiac"",""Peanut Free"",""Sesame Free"",""Soy Free"",""Tree-nut Free"",""Wheat Free""]"
"15511","Mother Earth Manuka Honey UMF 5+","[""Dairy Free"",""Egg Free"",""Gluten Free Coeliac/Celiac"",""Peanut Free"",""Sesame Free"",""Soy Free"",""Tree-nut Free"",""Wheat Free""]"
"8866","Good Morning Millet Puffs","[""Dairy Free"",""Egg Free"",""Gluten Free Coeliac/Celiac"",""Peanut Free"",""Sesame Free"",""Soy Free"",""Tree-nut Free"",""Wheat Free""]"
"13776","Waimete Manuka Honey Mgo 50+","[""Dairy Free"",""Egg Free"",""Gluten Free Coeliac/Celiac"",""Peanut Free"",""Sesame Free"",""Soy Free"",""Tree-nut Free"",""Wheat Free""]"
"16018","Pams Fruit Pack California Raisins","[""Dairy Free"",""Egg Free"",""Gluten Free Coeliac/Celiac"",""Peanut Free"",""Sesame Free"",""Soy Free"",""Tree-nut Free"",""Wheat Free""]"
"12769","Barkers Plum Jam Black Doris","[""Dairy Free"",""Egg Free"",""Gluten Free Coeliac/Celiac"",""Peanut Free"",""Sesame Free"",""Soy Free"",""Tree-nut Free"",""Wheat Free""]"
"12950","Mother Earth Multiflora Honey","[""Dairy Free"",""Egg Free"",""Gluten Free Coeliac/Celiac"",""Peanut Free"",""Sesame Free"",""Soy Free"",""Tree-nut Free"",""Wheat Free""]"
"4909","Kids Honey","[""Dairy Free"",""Egg Free"",""Gluten Free Coeliac/Celiac"",""Peanut Free"",""Sesame Free"",""Soy Free"",""Tree-nut Free"",""Wheat Free""]"
"15173","Anathoth Farm Blackberry Jam","[""Dairy Free"",""Egg Free"",""Gluten Free Coeliac/Celiac"",""Peanut Free"",""Sesame Free"",""Soy Free"",""Tree-nut Free"",""Wheat Free""]"
"7918","99% Ginger Juice (6x237ml)","[""Dairy Free"",""Egg Free"",""Gluten Free Coeliac/Celiac"",""Peanut Free"",""Sesame Free"",""Soy Free"",""Tree-nut Free"",""Wheat Free""]"
"9824","Bulk Deal: Cobs Popcorn Natural Salt & Vinegar","[""Dairy Free"",""Egg Free"",""Gluten Free Coeliac/Celiac"",""Peanut Free"",""Sesame Free"",""Soy Free"",""Tree-nut Free"",""Wheat Free""]"
"12385","Airborne Manuka Honey Multiflora Plus 25","[""Dairy Free"",""Egg Free"",""Gluten Free Coeliac/Celiac"",""Peanut Free"",""Sesame Free"",""Soy Free"",""Tree-nut Free"",""Wheat Free""]"
"4896","Clover Comb Honey","[""Dairy Free"",""Egg Free"",""Gluten Free Coeliac/Celiac"",""Peanut Free"",""Sesame Free"",""Soy Free"",""Tree-nut Free"",""Wheat Free""]"
"11818","O Canada Maple Syrup 100% Pure Gluten Free","[""Dairy Free"",""Egg Free"",""Gluten Free Coeliac/Celiac"",""Peanut Free"",""Sesame Free"",""Soy Free"",""Tree-nut Free"",""Wheat Free""]"
"15182","Pams Chunky Marmalade","[""Dairy Free"",""Egg Free"",""Gluten Free Coeliac/Celiac"",""Peanut Free"",""Sesame Free"",""Soy Free"",""Tree-nut Free"",""Wheat Free""]"
"13774","Countdown Raspberry Jam Lite","[""Dairy Free"",""Egg Free"",""Gluten Free Coeliac/Celiac"",""Peanut Free"",""Sesame Free"",""Soy Free"",""Tree-nut Free"",""Wheat Free""]"
"15171","Joknal Low Calorie Orange Marmalade","[""Dairy Free"",""Egg Free"",""Gluten Free Coeliac/Celiac"",""Peanut Free"",""Sesame Free"",""Soy Free"",""Tree-nut Free"",""Wheat Free""]"
"15510","Mount Somers Chocolate & Orange Honey","[""Dairy Free"",""Egg Free"",""Gluten Free Coeliac/Celiac"",""Peanut Free"",""Sesame Free"",""Soy Free"",""Tree-nut Free"",""Wheat Free""]"
"12378","Countdown Blackcurrant Jam","[""Dairy Free"",""Egg Free"",""Gluten Free Coeliac/Celiac"",""Peanut Free"",""Sesame Free"",""Soy Free"",""Tree-nut Free"",""Wheat Free""]"
"15191","Red Seal Manuka Honey UMF 5+","[""Dairy Free"",""Egg Free"",""Gluten Free Coeliac/Celiac"",""Peanut Free"",""Sesame Free"",""Soy Free"",""Tree-nut Free"",""Wheat Free""]"
"15505","Manawa Tawari Honey","[""Dairy Free"",""Egg Free"",""Gluten Free Coeliac/Celiac"",""Peanut Free"",""Sesame Free"",""Soy Free"",""Tree-nut Free"",""Wheat Free""]"
"15114","Barker's New Zealand Grapefruit & Orange Marmalade","[""Dairy Free"",""Egg Free"",""Gluten Free Coeliac/Celiac"",""Peanut Free"",""Sesame Free"",""Soy Free"",""Tree-nut Free"",""Wheat Free""]"
"6839","Natural Seasoning Blend - Stroganoff (12x30g)","[""Dairy Free"",""Egg Free"",""Gluten Free Coeliac/Celiac"",""Peanut Free"",""Sesame Free"",""Soy Free"",""Tree-nut Free"",""Wheat Free""]"
"11343","Nuttvia Hazelnut Spread","[""Dairy Free"",""Egg Free"",""Gluten Free Coeliac/Celiac"",""Peanut Free"",""Sesame Free"",""Soy Free"",""Tree-nut Free"",""Wheat Free""]"
"11810","Barkers Fruit Compote Rhubarb Strawberry Raspberry","[""Dairy Free"",""Egg Free"",""Gluten Free Coeliac/Celiac"",""Peanut Free"",""Sesame Free"",""Soy Free"",""Tree-nut Free"",""Wheat Free""]"
"11456","Anathoth Farm Boysenberry Jam","[""Dairy Free"",""Egg Free"",""Gluten Free Coeliac/Celiac"",""Peanut Free"",""Sesame Free"",""Soy Free"",""Tree-nut Free"",""Wheat Free""]"
"8961","Purebread Inca Gold Crunchies","[""Dairy Free"",""Egg Free"",""Gluten Free Coeliac/Celiac"",""Peanut Free"",""Sesame Free"",""Soy Free"",""Tree-nut Free"",""Wheat Free""]"
"11517","Anathoth Farm Mixed Berry Jam 3 Berries","[""Dairy Free"",""Egg Free"",""Gluten Free Coeliac/Celiac"",""Peanut Free"",""Sesame Free"",""Soy Free"",""Tree-nut Free"",""Wheat Free""]"
"12951","Anathoth Farm Red Berry Jam 25% Less Sugar","[""Dairy Free"",""Egg Free"",""Gluten Free Coeliac/Celiac"",""Peanut Free"",""Sesame Free"",""Soy Free"",""Tree-nut Free"",""Wheat Free""]"
"8819","Active Jellybush Honey (MGO 550+)","[""Dairy Free"",""Egg Free"",""Gluten Free Coeliac/Celiac"",""Peanut Free"",""Sesame Free"",""Soy Free"",""Tree-nut Free"",""Wheat Free""]"
"14971","Barker's New Zealand Redcurrant Jelly","[""Dairy Free"",""Egg Free"",""Gluten Free Coeliac/Celiac"",""Peanut Free"",""Sesame Free"",""Soy Free"",""Tree-nut Free"",""Wheat Free""]"
"12383","Waimete Raw Honey","[""Dairy Free"",""Egg Free"",""Gluten Free Coeliac/Celiac"",""Peanut Free"",""Sesame Free"",""Soy Free"",""Tree-nut Free"",""Wheat Free""]"
"12379","St Dalfour Apricot Jam Thick Spread","[""Dairy Free"",""Egg Free"",""Gluten Free Coeliac/Celiac"",""Peanut Free"",""Sesame Free"",""Soy Free"",""Tree-nut Free"",""Wheat Free""]"
"15151","Pams Squeezable Liquid Honey","[""Dairy Free"",""Egg Free"",""Gluten Free Coeliac/Celiac"",""Peanut Free"",""Sesame Free"",""Soy Free"",""Tree-nut Free"",""Wheat Free""]"
"16082","Mother Earth Manuka Honey UMF 5+","[""Dairy Free"",""Egg Free"",""Gluten Free Coeliac/Celiac"",""Peanut Free"",""Sesame Free"",""Soy Free"",""Tree-nut Free"",""Wheat Free""]"
"15178","Pams Grapefruit Breakfast Marmalade","[""Dairy Free"",""Egg Free"",""Gluten Free Coeliac/Celiac"",""Peanut Free"",""Sesame Free"",""Soy Free"",""Tree-nut Free"",""Wheat Free""]"
"11511","Craigs Marmalade Chunky English","[""Dairy Free"",""Egg Free"",""Gluten Free Coeliac/Celiac"",""Peanut Free"",""Sesame Free"",""Soy Free"",""Tree-nut Free"",""Wheat Free""]"
"15176","Bonne Maman Apricot Conserve","[""Dairy Free"",""Egg Free"",""Gluten Free Coeliac/Celiac"",""Peanut Free"",""Sesame Free"",""Soy Free"",""Tree-nut Free"",""Wheat Free""]"
"11513","Barkers Raspberry Jam","[""Dairy Free"",""Egg Free"",""Gluten Free Coeliac/Celiac"",""Peanut Free"",""Sesame Free"",""Soy Free"",""Tree-nut Free"",""Wheat Free""]"
"12386","Manuka Doctor Multiflora Honey Mgo 50","[""Dairy Free"",""Egg Free"",""Gluten Free Coeliac/Celiac"",""Peanut Free"",""Sesame Free"",""Soy Free"",""Tree-nut Free"",""Wheat Free""]"
"12384","Hantz Clover Honey Creamy","[""Dairy Free"",""Egg Free"",""Gluten Free Coeliac/Celiac"",""Peanut Free"",""Sesame Free"",""Soy Free"",""Tree-nut Free"",""Wheat Free""]"
"12342","Anathoth Farm Apricot Jam","[""Dairy Free"",""Egg Free"",""Gluten Free Coeliac/Celiac"",""Peanut Free"",""Sesame Free"",""Soy Free"",""Tree-nut Free"",""Wheat Free""]"
"11344","Vegemite Yeast Spread Gluten Free","[""Dairy Free"",""Egg Free"",""Gluten Free Coeliac/Celiac"",""Peanut Free"",""Sesame Free"",""Soy Free"",""Tree-nut Free"",""Wheat Free""]"
"4908","Honeycomb","[""Dairy Free"",""Egg Free"",""Gluten Free Coeliac/Celiac"",""Peanut Free"",""Sesame Free"",""Soy Free"",""Tree-nut Free"",""Wheat Free""]"
"12387","Arataki Clover Honey","[""Dairy Free"",""Egg Free"",""Gluten Free Coeliac/Celiac"",""Peanut Free"",""Sesame Free"",""Soy Free"",""Tree-nut Free"",""Wheat Free""]"
"13775","Waimete Manuka Honey Mgo 100+ Liquid","[""Dairy Free"",""Egg Free"",""Gluten Free Coeliac/Celiac"",""Peanut Free"",""Sesame Free"",""Soy Free"",""Tree-nut Free"",""Wheat Free""]"
"15161","Pams Creamed Clover Honey","[""Dairy Free"",""Egg Free"",""Gluten Free Coeliac/Celiac"",""Peanut Free"",""Sesame Free"",""Soy Free"",""Tree-nut Free"",""Wheat Free""]"
"11454","Countdown Marmalade Orange","[""Dairy Free"",""Egg Free"",""Gluten Free Coeliac/Celiac"",""Peanut Free"",""Sesame Free"",""Soy Free"",""Tree-nut Free"",""Wheat Free""]"
"9129","Orgran Multi Grain O's - Quinoa Cereal","[""Dairy Free"",""Egg Free"",""Gluten Free Coeliac/Celiac"",""Peanut Free"",""Sesame Free"",""Soy Free"",""Tree-nut Free"",""Wheat Free""]"
"13580","Barkers Apricot Jam NZ Fruit","[""Dairy Free"",""Egg Free"",""Gluten Free Coeliac/Celiac"",""Peanut Free"",""Sesame Free"",""Soy Free"",""Tree-nut Free"",""Wheat Free""]"
"13294","Bluebird Thinly Cut Potato Chips Originals","[""Dairy Free"",""Egg Free"",""Gluten Free Coeliac/Celiac"",""Peanut Free"",""Sesame Free"",""Soy Free"",""Tree-nut Free"",""Wheat Free""]"
"15513","Manawa Manuka Honey MG100+","[""Dairy Free"",""Egg Free"",""Gluten Free Coeliac/Celiac"",""Peanut Free"",""Sesame Free"",""Soy Free"",""Tree-nut Free"",""Wheat Free""]"
"15524","Manuka Doctor Wild Flora Honey","[""Dairy Free"",""Egg Free"",""Gluten Free Coeliac/Celiac"",""Peanut Free"",""Sesame Free"",""Soy Free"",""Tree-nut Free"",""Wheat Free""]"
"12770","St Dalfour Marmalade Thick Cut Orange","[""Dairy Free"",""Egg Free"",""Gluten Free Coeliac/Celiac"",""Peanut Free"",""Sesame Free"",""Soy Free"",""Tree-nut Free"",""Wheat Free""]"
"8724","Bulk Deal: Cobs Popcorn Natural Salted Caramel","[""Dairy Free"",""Egg Free"",""Gluten Free Coeliac/Celiac"",""Peanut Free"",""Sesame Free"",""Soy Free"",""Tree-nut Free"",""Wheat Free""]"
"9401","VGood Hazelnot Choc Spread","[""Dairy Free"",""Egg Free"",""Gluten Free Coeliac/Celiac"",""Peanut Free"",""Sesame Free"",""Soy Free"",""Tree-nut Free"",""Wheat Free""]"
"15509","Manuka Doctor Honey Beech Forest Squeezy","[""Dairy Free"",""Egg Free"",""Gluten Free Coeliac/Celiac"",""Peanut Free"",""Sesame Free"",""Soy Free"",""Tree-nut Free"",""Wheat Free""]"
"8751","Pure Manuka Honey (UMF 5+)","[""Dairy Free"",""Egg Free"",""Gluten Free Coeliac/Celiac"",""Peanut Free"",""Sesame Free"",""Soy Free"",""Tree-nut Free"",""Wheat Free""]"
"9138","Hubbards Thank Goodness Gluten free Cornflakes","[""Dairy Free"",""Egg Free"",""Gluten Free Coeliac/Celiac"",""Peanut Free"",""Sesame Free"",""Soy Free"",""Tree-nut Free"",""Wheat Free""]"
"11514","Countdown Marmalade Breakfast","[""Dairy Free"",""Egg Free"",""Gluten Free Coeliac/Celiac"",""Peanut Free"",""Sesame Free"",""Soy Free"",""Tree-nut Free"",""Wheat Free""]"
"12382","Arataki Liquid Honey Squeeze Me","[""Dairy Free"",""Egg Free"",""Gluten Free Coeliac/Celiac"",""Peanut Free"",""Sesame Free"",""Soy Free"",""Tree-nut Free"",""Wheat Free""]"
"12391","Airborne Clover Honey Creamed","[""Dairy Free"",""Egg Free"",""Gluten Free Coeliac/Celiac"",""Peanut Free"",""Sesame Free"",""Soy Free"",""Tree-nut Free"",""Wheat Free""]"
"9579","Wild Honey Manuka Honey MG 200+","[""Dairy Free"",""Egg Free"",""Gluten Free Coeliac/Celiac"",""Peanut Free"",""Sesame Free"",""Soy Free"",""Tree-nut Free"",""Wheat Free""]"
"15175","Manuka Doctor Multifloral Honey 40+ MGO","[""Dairy Free"",""Egg Free"",""Gluten Free Coeliac/Celiac"",""Peanut Free"",""Sesame Free"",""Soy Free"",""Tree-nut Free"",""Wheat Free""]"
"12381","Roses Fruit Conserve Raspberry","[""Dairy Free"",""Egg Free"",""Gluten Free Coeliac/Celiac"",""Peanut Free"",""Sesame Free"",""Soy Free"",""Tree-nut Free"",""Wheat Free""]"
"15533","Jeremy's Bee Bold Whipped Honey For Toast","[""Dairy Free"",""Egg Free"",""Gluten Free Coeliac/Celiac"",""Peanut Free"",""Sesame Free"",""Soy Free"",""Tree-nut Free"",""Wheat Free""]"
"9439","VGood Peanot Butter Crunchy","[""Dairy Free"",""Egg Free"",""Gluten Free Coeliac/Celiac"",""Peanut Free"",""Sesame Free"",""Soy Free"",""Tree-nut Free"",""Wheat Free""]"
"12744","Real Foods Cereal Rice Flakes Gluten Free","[""Dairy Free"",""Egg Free"",""Gluten Free Coeliac/Celiac"",""Peanut Free"",""Sesame Free"",""Soy Free"",""Tree-nut Free"",""Wheat Free""]"
"12773","St Dalfour Strawberry Jam","[""Dairy Free"",""Egg Free"",""Gluten Free Coeliac/Celiac"",""Peanut Free"",""Sesame Free"",""Soy Free"",""Tree-nut Free"",""Wheat Free""]"
"9310","Kellogg's Special KÂ® Gluten Free","[""Dairy Free"",""Egg Free"",""Gluten Free Coeliac/Celiac"",""Peanut Free"",""Sesame Free"",""Soy Free"",""Tree-nut Free"",""Wheat Free""]"
"12765","Anathoth Farm Marmalade Breakfast","[""Dairy Free"",""Egg Free"",""Gluten Free Coeliac/Celiac"",""Peanut Free"",""Sesame Free"",""Soy Free"",""Tree-nut Free"",""Wheat Free""]"
"12057","Ashoka Indian Sweet Mango Chutney","[""Dairy Free"",""Egg Free"",""Gluten Free Coeliac/Celiac"",""Peanut Free"",""Sesame Free"",""Soy Free"",""Tree-nut Free"",""Wheat Free""]"
"12388","Manawa Rewarewa Honey","[""Dairy Free"",""Egg Free"",""Gluten Free Coeliac/Celiac"",""Peanut Free"",""Sesame Free"",""Soy Free"",""Tree-nut Free"",""Wheat Free""]"
"15168","Bonne Maman Strawberry Conserve","[""Dairy Free"",""Egg Free"",""Gluten Free Coeliac/Celiac"",""Peanut Free"",""Sesame Free"",""Soy Free"",""Tree-nut Free"",""Wheat Free""]"
"15170","Pams Creamed Manuka Honey","[""Dairy Free"",""Egg Free"",""Gluten Free Coeliac/Celiac"",""Peanut Free"",""Sesame Free"",""Soy Free"",""Tree-nut Free"",""Wheat Free""]"
"15190","Red Seal Manuka Honey UMF 5+","[""Dairy Free"",""Egg Free"",""Gluten Free Coeliac/Celiac"",""Peanut Free"",""Sesame Free"",""Soy Free"",""Tree-nut Free"",""Wheat Free""]"
"14299","Cottee's Maple Flavoured Syrup","[""Dairy Free"",""Egg Free"",""Gluten Free Coeliac/Celiac"",""Peanut Free"",""Sesame Free"",""Soy Free"",""Tree-nut Free"",""Wheat Free""]"
"9133","Sanitarium Gluten Free Weet-Bix","[""Dairy Free"",""Egg Free"",""Gluten Free Coeliac/Celiac"",""Peanut Free"",""Sesame Free"",""Soy Free"",""Tree-nut Free"",""Wheat Free""]"
"12431","Natures Path Cornflakes Organic","[""Dairy Free"",""Egg Free"",""Gluten Free Coeliac/Celiac"",""Peanut Free"",""Sesame Free"",""Soy Free"",""Tree-nut Free"",""Wheat Free""]"
"11450","Anathoth Farm Strawberry Jam","[""Dairy Free"",""Egg Free"",""Gluten Free Coeliac/Celiac"",""Peanut Free"",""Sesame Free"",""Soy Free"",""Tree-nut Free"",""Wheat Free""]"
"11457","St Dalfour Raspberry Jam","[""Dairy Free"",""Egg Free"",""Gluten Free Coeliac/Celiac"",""Peanut Free"",""Sesame Free"",""Soy Free"",""Tree-nut Free"",""Wheat Free""]"
"15522","New Zealand Honey Co. Manuka Honey 10+ UMF","[""Dairy Free"",""Egg Free"",""Gluten Free Coeliac/Celiac"",""Peanut Free"",""Sesame Free"",""Soy Free"",""Tree-nut Free"",""Wheat Free""]"
"15153","Craig's Three Berry Fruit Jam","[""Dairy Free"",""Egg Free"",""Gluten Free Coeliac/Celiac"",""Peanut Free"",""Sesame Free"",""Soy Free"",""Tree-nut Free"",""Wheat Free""]"
"12390","Airborne Bush Honey","[""Dairy Free"",""Egg Free"",""Gluten Free Coeliac/Celiac"",""Peanut Free"",""Sesame Free"",""Soy Free"",""Tree-nut Free"",""Wheat Free""]"
"15512","Arataki Multi-Flora With Manuka Honey","[""Dairy Free"",""Egg Free"",""Gluten Free Coeliac/Celiac"",""Peanut Free"",""Sesame Free"",""Soy Free"",""Tree-nut Free"",""Wheat Free""]"
"15172","Anathoth Farm Seville Orange Marmalade","[""Dairy Free"",""Egg Free"",""Gluten Free Coeliac/Celiac"",""Peanut Free"",""Sesame Free"",""Soy Free"",""Tree-nut Free"",""Wheat Free""]"
"15502","Mother Earth Native Bush Honey","[""Dairy Free"",""Egg Free"",""Gluten Free Coeliac/Celiac"",""Peanut Free"",""Sesame Free"",""Soy Free"",""Tree-nut Free"",""Wheat Free""]"
"11453","Countdown Plum Jam","[""Dairy Free"",""Egg Free"",""Gluten Free Coeliac/Celiac"",""Peanut Free"",""Sesame Free"",""Soy Free"",""Tree-nut Free"",""Wheat Free""]"
"5224","Go Manuka Honey UMF16+ (MGO 570+)","[""Dairy Free"",""Egg Free"",""Gluten Free Coeliac/Celiac"",""Peanut Free"",""Sesame Free"",""Soy Free"",""Tree-nut Free"",""Wheat Free""]"
"9580","Natures Buzz Native Bush Manuka Honey","[""Dairy Free"",""Egg Free"",""Gluten Free Coeliac/Celiac"",""Peanut Free"",""Sesame Free"",""Soy Free"",""Tree-nut Free"",""Wheat Free""]"
"5237","Egmont Honey Manuka Honey UMF 10+","[""Dairy Free"",""Egg Free"",""Gluten Free Coeliac/Celiac"",""Peanut Free"",""Sesame Free"",""Soy Free"",""Tree-nut Free"",""Wheat Free""]"
"15157","Anathoth Farm Blackcurrant Jam","[""Dairy Free"",""Egg Free"",""Gluten Free Coeliac/Celiac"",""Peanut Free"",""Sesame Free"",""Soy Free"",""Tree-nut Free"",""Wheat Free""]"
"15192","Pams Strawberry Jam","[""Dairy Free"",""Egg Free"",""Gluten Free Coeliac/Celiac"",""Peanut Free"",""Sesame Free"",""Soy Free"",""Tree-nut Free"",""Wheat Free""]"
"11820","Chelsea Honey & Maple Syrup Flavoured","[""Dairy Free"",""Egg Free"",""Gluten Free Coeliac/Celiac"",""Peanut Free"",""Sesame Free"",""Soy Free"",""Tree-nut Free"",""Wheat Free""]"
"12771","Craigs Strawberry Jam Reduced Sugar","[""Dairy Free"",""Egg Free"",""Gluten Free Coeliac/Celiac"",""Peanut Free"",""Sesame Free"",""Soy Free"",""Tree-nut Free"",""Wheat Free""]"
